01A,10001
03A,10003
04A,10004
05A,10005
06A,10006
07A,10007
08A,10008
09A,10009
1B1,10010
DQR,11398
1N7,10012
1NY,16571
6B0,16429
7AK,16567
8F3,10013
A01,10014
A02,10015
A03,10016
A04,10017
A05,10018
A06,10019
A07,10020
A08,10021
A09,10022
A11,10024
A12,10025
A13,10026
A14,10027
A15,10028
A16,10029
A17,10030
A18,10031
A1K,16668
DQH,11388
A21,10034
A22,10035
A23,10036
A24,10037
A25,10038
A26,10039
A27,10040
A28,10041
A29,10042
BSZ,10770
A30,10043
A31,10044
A34,10047
A35,11828
A36,10049
A37,10050
A38,10051
A39,10052
A3K,16696
A40,10053
A41,10054
A42,10055
A43,10056
A45,10058
A46,10059
A47,10060
A48,10061
A49,10062
A4K,16698
A50,10063
A51,10064
A52,10065
A53,10066
A54,10067
A56,10069
VZK,10070
A58,10071
A59,10072
A5K,16803
A61,10074
A62,10075
A63,10076
A65,10078
A66,10079
A67,10080
A69,10082
A6K,16720
A70,10083
A71,10084
A72,10085
A73,10086
A74,10087
A75,10088
A76,10089
A77,10090
A78,10091
A79,10092
A7K,16723
A80,10093
A81,10094
A82,10095
A83,10096
A84,10097
A85,10098
A87,10100
A89,10102
A90,10103
A91,10104
A92,10105
A93,10106
A96,10109
A97,10110
A98,10111
A99,10112
AA1,10113
AA2,16662
AA4,10116
AA5,10117
AA7,16472
AA8,11381
AA9,16804
AAA,10118
AAB,10119
AAC,10120
AAD,16385
AAE,10121
AAF,10122
AAH,10123
AAI,10124
AAL,10125
AAM,10126
AAN,10127
AAO,10128
AAQ,10129
AAR,10130
AAU,10131
AAX,10132
ABA,16387
ABD,10134
ABE,10135
ABI,10136
ABJ,10137
ABK,10138
ABL,10139
ABQ,10140
ABR,10141
ABS,10142
ABT,10143
ABV,10144
ABX,10145
ABY,10146
ABZ,10147
ACA,10148
ACB,10149
ACC,10150
ACE,10151
ACH,10152
ACI,10153
ACK,10154
ACT,10155
ACU,10156
ACV,10157
ACY,10158
ADA,10159
ADB,10160
ADC,10161
ADD,10162
ADE,10163
ADJ,10164
ADK,10165
ADL,10166
ADM,10167
ADN,10168
ADO,10169
ADQ,10170
ADS,10171
ADT,16426
NSF,13748
ADX,10173
ADZ,10174
AE1,16592
AE2,16772
AED,10176
AEG,10177
AEH,10178
AEO,10180
AEP,10181
AER,10182
AES,10183
AET,10184
AEX,10185
AEY,10186
AF2,16461
AF3,16557
AF4,16559
AFA,10188
AFF,10189
AFK,10190
AFO,10191
AFP,10192
AFW,10194
AFY,10195
AGA,10196
AGB,10197
AGC,10198
AGF,10199
AGG,10200
AGH,10201
AGK,10202
AGL,10203
AGN,10204
AGP,10205
AGQ,10206
AGR,10207
AGS,10208
AGT,10209
AGU,10210
AGV,10211
AGX,10212
AHA,10213
AHB,10214
AHD,10215
AHN,10216
AHO,10217
AHS,10218
AHT,10219
AHU,10220
AIA,10221
AIB,10222
AID,10223
AIK,10224
AIN,10225
AIT,10226
AIY,10227
AIZ,10228
AJA,10229
AJF,10230
AJJ,10231
AJL,10232
AJN,10233
AJR,10234
AJU,10235
AJY,10236
AK1,16489
AK2,16490
AK3,16505
AK4,16508
AK5,16580
AK6,16581
AK7,16584
AK8,16621
AK9,16630
AKB,10237
AKC,10238
AKF,10239
AKH,15949
AKI,10241
AKJ,10242
AKK,10243
AKL,10244
AKN,10245
AKO,10246
AKP,10247
AKR,10248
AKS,10249
AKT,10250
AKX,10251
AKY,10252
AL1,10253
AL2,10254
AL3,10255
AL4,16423
AL5,16455
AL6,16497
AL7,16669
AL8,16737
AL9,16790
ALA,10256
ALB,10257
ALC,10258
ALE,10259
ALF,10260
ALG,10261
ALH,10262
ALI,10263
ALJ,10264
ALK,10265
ALM,10266
ALN,10267
ALO,10268
ALP,10269
ALQ,10270
ALR,10271
ALS,10272
ALT,10273
ALU,10274
ALW,10275
ALX,10276
ALY,10277
ALZ,10278
AMA,10279
AMD,10280
AMF,10281
AMG,10282
AMH,10283
AMI,10284
AMK,10285
AML,10286
AMM,10287
AMN,10288
AMO,10289
AMP,10290
AMQ,10291
AMS,10292
AMW,10294
AMX,10295
AMY,10296
ANA,10297
ANB,10298
ANC,10299
AND,10300
ANE,10301
ANF,10302
ANG,10303
ANI,10304
ANK,10305
ANM,10306
ANN,10307
ANO,10308
ANP,10309
ANR,10310
ANS,10311
ANU,10312
ANV,10313
ANX,10314
AOH,10317
AOI,10318
AOJ,10319
AOK,10320
AOL,10321
AOO,10322
AOR,10323
AOS,10324
APA,10325
APB,10326
APC,10327
APE,10328
APF,10329
APG,10330
APH,16767
API,15642
APK,10331
APL,10332
APN,10333
APO,10334
APR,10335
APT,10336
APV,10337
APW,10338
AQI,10339
AQJ,10340
AQP,10342
AQS,10343
AQY,10344
AR1,10345
AR2,10346
AR3,16738
ARA,10347
ARB,10348
ARC,10349
ARD,10350
ARE,10351
ARG,10352
ARH,10353
ARI,10354
ARK,10355
ARM,10356
ARN,10357
ARP,10358
ARQ,10359
ARS,10360
ART,10361
ARU,10362
ARV,10363
ARW,10364
ARX,10365
ARY,10366
ARZ,10367
ASA,10368
ASB,10369
ASC,10370
ASD,10371
ASE,10372
ASF,16674
ASG,10373
ASH,10374
ASI,10375
ASJ,10376
ASK,10377
ASL,10378
ASM,10379
ASN,10380
ASO,10381
ASP,10382
ASQ,10383
ASR,10384
AST,10385
ASU,10386
ASW,10387
ASX,10388
ASY,10389
ATA,10390
ATB,10391
ATC,10392
ATE,10393
ATH,10394
ATI,10395
ATK,10396
ATL,10397
ATM,10398
ATN,10399
ATO,10400
ATP,10401
ATQ,10402
ATR,10403
ATS,10404
ATT,10405
ATU,10406
ATV,10407
ATW,10408
ATY,10409
ATZ,10410
AU1,16465
AUA,10411
AUC,10412
AUD,10413
AUG,10414
AUH,10415
AUI,16386
AUK,10416
AUM,10417
AUN,10418
AUO,10419
AUP,10420
AUQ,10421
AUR,10422
BSM,10423
AUW,10424
AUX,10425
AUY,10426
AUZ,10427
AVB,10428
AVI,10430
AVL,10431
AVN,10432
AVO,10433
AVP,10434
AVV,10435
AVW,10436
CIB,11001
AWA,10438
AWK,10439
AWM,10440
AWR,10441
AWX,10442
AWZ,10443
AXA,10444
AXB,10445
AXC,10446
AXD,10447
AXM,10448
AXN,10449
AXP,10450
AXS,10451
AXT,10452
AXU,10453
AXV,10454
AXX,10455
AYL,10456
AYP,10457
AYQ,10458
AYR,10459
AYS,10460
AYT,10461
AYW,10462
AZ1,10463
AZ2,10464
AZ3,10465
AZ4,16451
AZ5,16561
AZ6,16639
AZA,10466
AZD,10467
AZG,10468
AZI,16531
AZO,10469
AZS,10470
B19,10471
B1C,16649
B21,10472
B2C,16650
B3C,16652
B4C,16655
BAA,10473
BAB,10474
BAC,10475
BAD,10476
BAE,10477
BAF,10478
BAG,10479
BAH,10480
BAI,10481
BAK,12050
BAL,10483
BAM,10484
BAO,10485
BAQ,10486
BAR,10487
BAT,16388
BAU,10489
BAV,10490
BAX,10491
BAY,10492
BAZ,16460
BBA,10493
BBC,10494
BBD,16665
BBF,10495
BBI,10497
BBK,16713
BBO,10498
BBQ,10499
BBR,10500
BBS,10501
BBT,10502
BBU,10503
BBW,16573
BBX,10504
BBY,10505
BBZ,10506
BC1,16653
BC2,16600
BC3,16601
BC4,16602
BC5,16604
BC6,16605
BC7,16619
BC8,16607
BC9,16609
BCA,10507
BCB,10508
BCC,10509
BCD,16398
BCE,10511
BCH,10512
BCI,10513
BCJ,10514
BCL,10515
BCM,10516
BCN,10517
BCS,10518
BCT,10519
BCY,10520
BDA,10521
BDB,10522
BDE,10523
BDG,10524
BDH,10525
BDI,10526
BDJ,10527
BDK,10528
BDL,10529
BDM,10530
BDN,10531
BDO,10532
BDP,10533
BDQ,10534
BDR,10535
BDS,10536
BDT,16752
BDU,10537
BDY,10538
BEB,10539
BEC,16473
BED,10540
BEF,10541
BEG,10542
BEH,10543
BEI,10544
BEL,10545
BEN,10547
BEO,10548
BER,10549
BES,10550
BET,10551
BEU,10552
BEV,10553
BEW,10554
BEY,10555
BFB,10556
BFD,10557
BFF,10558
BFG,16760
BFI,10559
BFK,10560
BFL,10561
BFM,10562
BFN,10563
BFO,10564
BFP,10565
BFQ,10566
BFR,10567
BFS,10568
BFT,10569
BG1,16708
BGA,10570
BGB,10571
BGD,10572
BGE,10573
BGF,10574
BGH,16574
BGI,10575
BGL,10576
BGM,10577
BGN,10578
BGO,10579
BGQ,10580
BGR,10581
BGS,10582
BGT,10583
BGU,10584
BGW,10585
BGX,10586
BGY,10587
BH1,10588
BHB,10589
BHD,10591
BHE,10592
BHG,10593
BHH,10594
BHI,10595
BHJ,10596
BHK,10597
BHL,10598
BHM,10599
BHN,10600
BHO,10601
BHQ,10602
BHR,10603
BHS,10604
BHT,10605
BHU,10606
BHV,10607
BHX,10608
BHY,10609
BHZ,10610
BIA,10611
BIC,10612
BID,10613
BIE,10614
BIF,10615
BIG,10616
BIH,10617
BII,10618
BIK,10619
BIL,10620
BIM,10621
BIN,10622
BIO,10623
BIP,10624
BIQ,10625
BIR,10626
BIS,10627
BIV,10628
BIX,10629
BJC,10630
BJI,10631
BJJ,10632
BJL,10633
BJM,10634
BJR,10635
BJU,10636
BJV,10637
BJX,10638
BJZ,10639
BKC,10640
BKE,10641
BKF,10642
BKG,10643
BKH,10644
BKI,10645
BKK,13614
BKL,10647
BKM,10648
BKO,10650
BKQ,10651
BKS,10652
BKU,10653
BKW,10654
BKX,10655
BKY,10656
BKZ,10657
BLA,10658
BLB,10659
BLC,10660
BLD,10661
BLE,10662
BLF,10663
BLG,10664
BLH,10665
BLI,10666
BLJ,10667
BLK,10668
BLL,10669
BLM,10670
BLO,10671
BLP,10672
BLQ,10673
BLR,10674
BLT,10675
BLV,10676
BLZ,10677
BMA,10678
BMB,10679
BMC,10680
BMD,10681
BME,10682
BMG,10683
BMH,10684
BMI,10685
BMJ,10686
BML,10687
BMM,10688
BMO,10689
BMP,10690
BMV,16687
BMW,10691
BMX,10692
BNA,10693
BNB,10694
BND,10695
BNE,10696
BNF,10697
BNG,10698
BNI,10699
BNK,10700
BNL,10701
BNN,10702
BNO,10703
BNS,10704
BNX,10705
BNZ,10706
BOA,10707
BOB,10708
BOC,10709
BOD,10710
BOG,10711
BOH,10712
BOI,10713
BOJ,10714
BOK,10715
BOM,10716
BON,10717
BOO,10718
BOQ,10719
BOR,10720
BOS,10721
BOW,10722
BOX,10723
BOY,10724
BPH,10725
BPI,16521
BPN,10726
BPS,10727
BPT,10728
BQA,10729
BQH,10730
BQK,10731
BQN,10732
BQS,10733
BQU,10734
BQV,10735
BR1,10736
BR2,16701
BRA,10737
BRC,10738
BRD,10739
BRE,10740
BRG,10741
BRI,10742
BRK,10743
BRL,10744
BRM,10745
BRN,10746
BRO,10747
BRQ,10748
BRR,10749
BRS,10750
BRT,10751
BRU,10752
BRV,10753
BRW,10754
BRX,10755
BRY,10756
BSA,10757
BSB,10758
BSD,10759
BSG,10760
BSK,10761
MLH,13366
BSO,10764
BSQ,10765
BSR,10766
BSS,10767
BSU,10768
BSW,10769
BTA,10771
BTC,10772
BTE,10773
BTH,10774
BTI,10775
BTJ,10776
BTK,10777
BTL,10778
BTM,10779
BTP,10780
BTR,10781
BTS,10782
BTT,10783
BTU,10784
BTV,10785
BTY,10786
BTZ,10787
BUA,10788
BUC,10789
BUD,10790
BUE,10791
BUF,10792
BUG,10793
BUH,10794
BUL,10795
BUM,10796
BUN,10797
BUO,10798
BUQ,10799
BUR,10800
BUS,10801
BUU,10802
BUV,10803
BUX,10804
BUY,10805
BUZ,10806
BVA,10807
BVB,10808
BVD,10809
BVI,10810
BVO,10811
BVR,10812
BVU,16390
BVX,10814
BVY,10815
BW1,16550
BWA,10816
BWC,16758
BWD,10817
BWE,10818
BWG,10819
BWH,10820
BWI,10821
BWJ,10822
BWM,10823
BWN,10824
BWS,10825
WNY,10826
BWY,10827
BXC,10828
BXD,10829
BXE,10830
BXS,10832
BXU,10833
BYA,10834
BYC,10835
BYF,16482
BYG,10837
BYH,10838
BYI,10839
BYK,10840
BYN,16481
BYT,10842
BYU,10843
BYW,10844
BZA,10845
BZE,10846
BZG,10847
BZI,10848
BZN,10849
BZO,10850
BZR,10851
BZS,10852
BZT,10853
BZV,10854
BZZ,10856
C01,10857
C02,10858
C1A,16700
CA1,10859
CA2,10860
CA3,10861
CA4,10862
CA5,10863
CA6,16517
CA7,16598
CA9,16620
CAB,10865
CAC,10866
CAD,10867
CAE,10868
CAF,10869
CAG,10870
CAH,10871
CAI,10872
CAJ,10873
CAK,10874
CAL,10875
CAM,10876
CAN,10877
CAP,10878
CAR,10879
CAS,10880
NET,13652
CAW,10882
CAX,10883
CAY,10884
CAZ,10885
CBA,10886
CBB,10887
CBE,10888
CBF,10889
CBG,10890
CBH,10891
CBK,10892
CBL,10893
CBM,10894
CBO,10895
CBQ,10896
CBR,10897
CBV,10898
CBY,10899
CCC,10900
CCE,13471
CCF,10902
CCH,10903
CCI,10904
CCJ,10905
CCK,10906
CCM,10907
CCN,10908
CCP,10909
CCR,10910
CCS,10911
CCU,10912
CCX,10914
CCY,10915
CCZ,10916
CD1,16735
CD2,16747
CDB,10917
CDC,10918
CDF,10919
CDG,10920
CDH,10921
CDJ,10922
CDL,10923
CDN,10924
CDR,10925
CDV,10926
CDW,10927
CEA,10928
CEB,10929
CEC,10930
CED,10931
CEF,10933
CEG,10934
CEI,10935
CEK,10936
CEL,10937
CEM,10938
CEN,10939
CEO,10940
CEP,10941
CEQ,10942
CER,10943
CET,10944
CEU,10945
CEV,10946
CEW,10947
CEX,10948
CEY,10949
CEZ,10950
CFA,10951
CFB,10952
CFE,10953
CFG,10954
CFQ,10955
CFR,10956
CFS,10957
CFT,10958
CFU,10959
CFV,10960
CGA,10961
CGB,10962
CGC,10963
CGE,10964
CGF,10965
CGH,10966
CGI,10967
CGK,10968
CGM,10969
CGN,10970
CGO,10971
CGP,10972
CGQ,16467
CGR,10974
CGS,10975
CGU,10976
CGX,10977
CGY,10978
CGZ,10979
CHA,10980
CHC,10981
CHD,10982
CHE,10983
CHF,10984
CHG,10985
CHI,10986
QCG,10987
CHM,10988
CHO,10990
CHP,10991
CHQ,10992
CHR,10993
CHS,10994
CHT,10995
CHU,10996
CHW,10997
CHX,10998
CHZ,10999
CIA,11000
CIC,11002
CID,11003
CIG,11004
CIH,11005
CIJ,11006
CIK,11007
CIL,11008
CIN,11009
CIP,11010
CIR,11011
CIU,11013
CIV,11014
CIW,11015
CIX,11016
CIY,11017
CJA,11018
CJB,11019
CJC,11020
CJI,11021
CJJ,16507
CJL,11023
CJR,14371
CJS,11024
CJU,11025
CJW,11026
CKB,11027
CKD,11028
CKE,11029
CKG,11030
CKM,11031
CKO,16407
CKS,11033
CKU,11034
CKV,11035
CKX,11036
CKY,11037
CLA,11038
CLB,11039
CLC,11040
CLD,11041
CLE,11042
CLF,11043
CLG,11044
CLH,11045
CLI,11046
CLJ,11047
CLK,11048
CLL,11049
CLM,11050
CLN,11051
CLO,11052
CLP,11053
CLQ,11054
CLR,11055
CLS,11056
CLT,11057
CLU,11058
CLY,11059
CMA,11060
CMB,11061
CMD,11062
CME,11063
CMF,11064
CMG,11065
CMH,11066
CMI,11067
CMJ,11068
CMM,11069
CMN,11070
CMR,11071
CMT,11072
CMU,11073
CMV,11074
CMW,11075
CMX,11076
CN2,16610
CN4,16612
CN5,16615
CN6,16616
CN7,16617
CN9,16618
CNA,11077
CNB,11078
CNC,11079
CND,11080
CNE,11081
CNF,11082
CNK,11083
CNL,11084
CNM,11085
CNO,11086
CNQ,11087
CNR,11088
CNS,11089
CNW,11090
CNX,11091
CNY,11092
CO1,16770
CO3,11093
CO4,11094
CO5,16565
COA,11095
COC,11096
COD,11097
COE,11098
COF,11099
COG,11100
COH,11101
COJ,11102
COK,11103
COL,11104
COM,11105
CON,11106
COO,11107
COR,11108
COS,11109
COT,11110
COU,11111
COY,11112
CPA,11113
CPB,11114
CPC,11115
CPD,11116
CPE,11117
CPH,11118
CPN,11119
CPO,16403
CPQ,11121
CPR,11122
CPS,11123
CPT,11124
CPV,11125
CPX,11126
CQF,11127
CQL,11128
HCW,11130
CRA,11131
CRB,11132
CRC,11133
CRD,11134
CRE,11135
CRG,11136
CRI,11137
CRK,11138
CRL,11139
CRP,11140
CRQ,11141
CRR,11142
CRS,11143
CRU,11144
CRV,11145
CRW,11146
CRX,11147
CSD,11148
CSE,11149
CSG,11150
CSI,11151
CSL,16443
CSM,11152
CSN,11153
CSP,11154
CSR,11155
CSS,11156
CST,11157
CSU,11158
CSV,11159
CSX,11160
CT1,16441
CT2,16495
CT3,16594
CT4,16644
CT5,16656
CT6,16681
CTA,11161
CTB,11162
CTC,11163
CTG,11164
CTH,11165
CTL,11166
CTM,11167
CTN,11168
CTO,11169
CTS,11170
CTT,11171
CTU,11172
CTW,11173
CTX,11174
CTY,11175
CTZ,16538
CUB,11176
CUC,11177
CUE,11178
CUF,11179
CUL,11180
CUM,11181
CUN,11032
CUP,11183
CUQ,11184
CUR,11185
CUT,11186
CUU,11187
CUW,11188
CUY,11189
CUZ,11190
CVA,11191
CVF,11192
CVG,11193
CVJ,11194
CVL,11195
CVM,11196
CVN,11197
CVO,11198
CVQ,11199
CVS,11200
CVT,11201
CVX,11202
CWA,11203
CWB,11204
CWF,15825
CWI,11207
CWL,11208
CWS,11209
CWT,11210
CXA,11211
CXB,11212
CXC,11213
CXF,11214
CXH,11215
CXI,11216
CXJ,11217
CXL,11218
CXO,11219
CXP,11220
CXR,16797
CXT,11222
CXY,11223
CYA,11224
CYB,11225
CYC,11226
CYF,11227
CYI,11229
CYM,11230
CYP,11231
CYR,11232
CYS,11233
CYT,11234
CYZ,11235
CZA,11236
CZB,11237
CZC,11238
CZE,11240
CZF,11241
CZH,11242
CZL,11243
CZM,11244
CZN,11245
CZO,11246
CZP,11247
CZS,11248
CZU,11249
CZW,11250
CZX,11251
DAB,11252
DAC,11253
DAD,11254
DAE,11255
DAF,11256
DAG,11257
DAK,11258
DAL,11259
DAM,11260
DAN,11261
DAR,11262
DAT,11263
DAU,11264
DAV,11265
DAX,11266
DAY,11267
DBB,11269
GOI,11957
DBM,11271
DBN,11272
DBO,11273
DBQ,11274
DBT,11275
DBV,11276
DBY,11277
DCA,11278
DCF,11279
DCK,11280
DCN,16450
DCS,11281
DCU,11282
DDC,11283
DDP,11284
DE1,11285
DE2,16520
DE3,16666
DE4,16670
DEA,11286
DEB,11287
DEC,11288
DEH,11289
DEL,11290
DEM,11291
DEN,11292
DES,11294
DET,11295
DEZ,11296
DFI,11297
DFW,11298
DGB,11299
DGO,11301
DGT,11302
DGW,11303
DHA,11304
DHB,16603
DHF,10175
DHI,11306
DHL,11307
DHN,11308
DHT,11309
DIB,11311
DIE,11312
DIG,11313
DIJ,11314
DIK,11315
DIL,11316
DIO,11317
DIR,11318
DIS,11319
DIU,11320
DIV,11321
DIY,11322
DJB,11323
DJE,11324
DJG,11325
DJJ,11326
DJN,11327
DJO,11328
DK1,11329
DKI,11330
DKK,11331
DKR,11332
DLA,11333
DLC,11334
DLF,11335
DLG,11336
DLH,11337
DLI,11338
DLL,11339
DLM,11340
DLO,11341
DLS,11342
DLU,11343
DMA,11344
DME,11345
DMK,10646
QDM,14380
DMN,11348
DMO,11349
DMU,11350
DNA,11351
DNB,11352
DNC,11353
DND,11354
DNE,11355
DNK,11357
DNL,11358
DNN,11359
DNO,11360
DNQ,11361
DNR,11362
DNV,11363
DNZ,11365
DOD,11366
DOF,11367
DOG,11368
DOH,11369
DOK,11370
DOL,11371
DOM,11372
DON,11373
DOU,11374
DOV,11375
DPA,11376
DPG,11377
DPL,11378
DPO,11379
DPS,11380
DQA,16480
DQB,11382
DQC,11383
DQD,11384
DQE,11385
DQG,11387
DQI,11389
DQJ,11390
DQK,11391
DQL,11392
DQN,11394
DQO,11395
DQP,11396
DQQ,11397
DQS,11399
DQT,11400
DQU,11401
DQV,11402
DQW,11403
DQX,11404
DQY,11405
DQZ,11406
DRA,11407
DRB,11408
DRE,11409
DRF,11410
DRG,11411
DRN,11412
DRO,11413
DRS,11414
DRT,11415
DRU,11416
DRW,11417
DSA,11418
DSD,11419
DSE,11420
DSI,11421
DSK,11422
DSM,11423
DSS,16782
DTA,11424
DTH,11425
DTL,11427
DTM,11428
DTN,11429
DTO,11430
DTR,11431
DTT,11432
DTW,11433
DUA,11434
DUB,11435
DUC,11436
DUD,11437
DUE,11438
DUF,11439
DUG,11440
DUJ,11441
DUQ,11442
DUR,16475
DUS,11444
DUT,11445
DVK,11446
DVL,11447
DVN,11448
DVO,11449
DVT,11450
DWA,11452
DWC,16456
DWH,11453
DWS,11454
DXB,11455
DXR,11456
DYG,11457
DYL,16748
DYR,11458
DYS,11459
DYU,11460
DZA,11461
DZN,16430
DZO,11462
EAA,11463
EAG,11464
EAM,11466
EAN,11467
EAR,11468
EAS,11469
EAT,11470
EAU,11471
EBA,11472
EBB,11473
EBD,11474
EBJ,11475
EBL,11476
EBU,11477
ECA,11478
ECG,11479
NI1,16703
ECN,11480
ECP,11481
ECS,11482
ECU,11483
EDA,11484
EDE,11486
EDF,11487
EDI,11488
EDL,11489
EDW,11490
EE1,16693
EED,11491
EEK,11492
EEN,11493
EFB,11494
EFD,11495
EFK,11496
EFL,11497
EG1,11498
EG2,11499
EG3,11500
EGA,11501
EGC,11502
EGE,11503
EGI,11504
EGN,11505
EGP,11506
EGS,11507
EGT,11508
EGV,11510
EGX,11511
EHM,11512
EHR,11513
EHT,11514
EIA,11515
EIB,11516
EIL,11517
EIN,11518
EIS,11519
EJA,11520
EJH,11521
EKA,11522
EKI,11523
EKN,11524
EKO,11525
EKX,11526
EKY,11527
ELA,11528
ELB,11529
ELC,11530
ELD,11531
ELF,11532
ELG,11533
ELH,11534
ELI,11535
ELJ,11536
ELM,11537
ELN,11538
ELP,11540
ELQ,11541
ELS,11543
ELT,11544
ELV,11545
ELW,11546
ELY,11547
EMA,11548
EMD,11549
EMK,11550
XWD,15937
EMM,11551
EMN,11552
EMP,11553
EMT,11554
ENA,11555
ENC,11556
END,11557
ENL,11558
ENN,11559
XWX,11560
ENS,11561
ENU,11562
ENV,11563
ENW,11564
EOH,11565
EOK,11566
EPA,16458
EPH,11567
EPL,11569
EPN,11570
EPR,11571
EQS,11572
ERA,11573
ERC,11574
ERD,11575
ERF,11576
ERI,11577
ERM,11578
ERN,11579
ERS,11580
ERT,11581
ERV,11582
ERZ,11583
ES1,11584
ESA,11585
ESB,11586
ESC,11587
ESD,11588
ESE,11589
ESF,11590
ESM,11591
ESN,11592
ESP,11593
ESR,11594
ESS,11595
EST,16796
ETH,11596
ETN,11597
ETS,11598
ETZ,11599
EUA,11600
EUE,11601
EUF,11602
EUG,11603
EUN,11604
EUX,11605
EVC,11606
EVE,11607
EVG,11608
EVM,11609
EVN,11610
EVV,11612
EVW,11613
EVX,11614
EWB,11615
EWK,11616
EWN,11617
EWR,11618
EXI,11619
EXT,11620
EXU,11621
EYL,11622
EYP,11623
EYW,11624
EZE,11625
EZS,11626
F70,11627
FAB,11628
FAE,11629
FAI,11630
FAJ,11631
FAK,11632
FAL,11633
FAM,11634
FAN,11635
FAO,11636
FAQ,16647
FAR,11637
FAT,11638
FAU,11639
FAV,11640
FAY,11641
FBG,11642
FBK,11643
FBM,11644
FBR,11645
FBS,11646
FBU,11647
FCA,11648
FCH,11649
FCM,11650
FCN,16556
FCO,11651
FCS,11652
FDE,11653
FDF,11654
FDH,11655
FDK,11656
FDR,11657
FDU,11658
FDY,11659
FEG,11660
FEN,11661
FEP,11662
FET,11663
FEW,11664
FEZ,11665
FFD,11666
FFM,11667
FFO,11668
FFT,11669
FGD,11670
FGI,11671
FHB,16363
FHU,11673
FIC,11674
FID,11675
FIH,11676
FIL,11677
FIN,11678
FIZ,11679
FJR,11680
FKB,11681
FKI,11682
FKJ,11683
FKL,11684
FKS,11685
FL1,11686
FL2,11687
FL3,11688
FL4,11689
FL5,11690
FL6,16534
FL7,16751
FLA,11691
FLB,11692
FLD,11693
FLF,11694
FLG,11695
FLJ,11696
FLL,11697
FLN,11698
FLO,11699
FLR,11700
FLS,11701
FLT,11702
FLU,11703
FLV,11704
FLW,11705
FLX,11706
FMA,11707
FMC,11708
FME,16764
FMH,11709
FMI,11710
FMM,16551
FMN,11711
FMO,11712
FMS,11713
FMY,11714
FNA,11715
FNC,11716
FNI,11717
FNJ,11718
FNL,11719
FNR,11720
FNT,11721
FOB,11723
FOC,11724
FOD,11725
FOE,11726
FOG,11727
FOK,11728
FON,16632
FOR,11730
FPO,11731
FPR,11732
FPY,11733
FQA,11734
FQB,11735
FQC,11736
FQD,11737
FQE,11738
FQF,11739
FQG,11740
FQH,11741
FQI,11742
FQJ,11743
FQK,11744
FQL,11745
FQN,11747
FQO,11748
FQP,11749
FQQ,11750
FQR,11751
FQU,11754
FQV,11755
FQW,11756
FQX,11757
FQY,11758
FRA,11760
FRC,11761
FRD,11762
FRF,11763
FRG,11764
FRL,11765
FRM,11766
FRO,11767
FRP,11768
FRR,11769
FRS,11770
FRU,11771
FRW,11772
FRY,11773
FSC,11774
FSD,11775
FSI,11776
FSK,11777
FSM,11778
FSP,11779
FSS,16448
FST,11780
FSZ,11781
FTC,11782
FTE,11783
FTG,11784
FTK,11785
FTL,11786
FTU,11787
FTW,11789
FTY,11790
FUE,11791
FUJ,11792
FUK,11793
FUL,11794
FUN,11795
FUT,11796
FVA,11797
FVB,11798
FVC,11799
FVD,11800
FVE,11801
FVF,11802
FVG,11803
FVH,11804
FVI,11805
FVJ,11806
FVN,11810
FVO,11811
FVP,11812
FVQ,11813
MT2,16692
FVS,11815
FVT,11816
FVU,11817
FVV,11818
FVW,11819
FVX,11820
FVY,11821
FVZ,11822
FWA,11823
FWH,11824
FWL,11825
FWS,11826
FXE,11827
FXO,11829
FXR,11830
FXY,11831
FYT,11832
FYU,11833
FYV,11834
FZO,11835
GA0,16688
GA1,11836
GA2,11837
GA3,11838
GA4,16474
GA5,16582
GA6,16673
GA7,16783
GAC,11839
GAD,11840
GAE,11841
GAI,11842
GAJ,11843
GAL,11844
GAM,11845
GAN,11846
GAO,11847
GAQ,11848
GAR,11849
GAT,11850
GAU,11851
GAW,11852
GAY,11853
GB1,11854
GBA,11855
GBD,11856
GBE,11857
GBG,11858
GBH,11859
GBJ,11860
GBK,11861
GBR,11862
GBU,11863
GCA,11864
GCC,11865
GCI,11866
GCK,11867
GCM,11868
GCN,11869
GCY,11870
GDC,11871
GDE,11872
GDH,11873
GDL,11874
GDM,11875
GDN,11876
GDQ,11877
GDT,11878
GDV,11879
GDW,11880
GDX,11881
GEA,11882
GED,11883
GEG,11884
GEK,11885
GEL,11886
OSL,13952
GEO,11888
GER,11889
GES,11890
GET,11891
GEV,11892
GEY,11893
GEZ,11894
GFA,11895
GFB,11896
GFF,11897
GFK,11898
GFL,11899
GFN,11900
GFO,11901
GFR,11902
GFY,11903
GGE,11904
GGG,11905
GGN,11906
GGT,11907
GGW,11908
GHA,11909
GHB,11910
GHC,11911
GHT,11912
GHU,11913
GIB,11914
GIG,11915
GIL,11916
GIS,11917
GIZ,11918
GJA,11919
GJM,11920
GJT,11921
GKA,11922
GKL,11923
GKN,11924
GL1,11926
GL2,11927
GLA,11928
GLD,11929
GLF,11930
GLH,11931
GLI,11932
GLK,11933
GLM,11934
GLN,11935
GLO,11936
GLQ,11937
GLR,11938
GLS,11939
GLT,11940
GLV,11941
GLW,11942
GMA,11943
GMB,16660
GMC,11944
GML,15522
GMP,11945
GMT,11946
GMU,11947
GNA,11948
GNB,11949
GND,11950
GNR,11951
GNT,16746
GNU,11952
GNV,11953
GOA,11954
GOB,11955
GOH,11956
GOJ,11958
GOL,11959
GOM,11960
GON,11961
GOO,11962
GOP,11963
GOR,11964
GOS,11965
GOT,11966
GOU,11967
GOV,11968
GOZ,11969
GPI,11970
GPM,11971
GPS,11972
GPT,11973
GPZ,11974
GQQ,11975
GRA,11976
GRB,11977
GRD,11978
GRF,11979
GRI,11980
GRJ,11981
GRK,11982
GRO,11983
GRP,11984
GRQ,11985
GRR,11986
GRS,11987
GRU,11988
GRW,11989
GRX,11990
GRZ,11991
GSB,11992
GSE,11993
GSH,11994
GSO,11995
GSP,11996
GST,11997
GSW,11999
GT1,12000
GTB,12001
GTE,12002
GTF,12003
GTK,12004
GTN,12005
GTO,12006
GTR,12007
GTU,12008
GTW,12009
GTY,16682
GUA,12010
GUB,12011
GUC,12012
GUD,12013
GUF,16422
GUH,12014
GUI,12015
GUM,12016
GUO,12017
GUP,12018
GUQ,12019
GUR,12020
GUS,12021
GUT,12022
GUW,12023
GUY,12024
GUZ,12025
GVA,12026
GVE,12027
GVL,12028
GVQ,12029
GVR,12030
GVT,12031
GVW,12032
GVX,12033
GWD,12034
GWE,12035
GWL,12038
GWO,12039
GWR,12040
GWS,12041
GWT,12042
GWY,12044
GXF,12045
GXH,12046
GXQ,12047
GXX,12048
GYA,12049
GYD,10482
GYE,12051
GYM,12052
GYN,12053
GYR,12054
GYY,12055
GZO,12056
GZT,12057
HAB,12058
HAC,12059
HAD,12060
HAE,12061
HAF,12062
HAH,12063
HAJ,12064
HAK,12065
HAM,12066
HAN,12067
HAO,12068
HAP,12069
HAR,12070
HAS,12071
HAU,12072
HAV,12073
HAY,12074
HBA,12075
HBC,12076
HBE,12077
HBG,12078
HBH,12079
HBI,12080
HBL,12081
HBT,12082
HBV,12083
HBY,12084
HCA,12085
HCB,12086
HCR,12087
HDA,12088
HDB,12089
HDD,12090
HDF,12091
HDH,12092
HDM,12093
HDN,12094
HDS,12095
HDY,12096
HEA,12097
HED,12098
HEH,12099
HEI,12100
HEL,12101
HER,12102
HES,12103
HET,12104
HEX,12105
HEZ,12106
HFA,12107
HFD,12108
HFE,16593
HFF,12110
HFN,12111
HFT,12112
HGA,12113
HGD,12114
HGH,12115
HGL,12116
HGN,12117
HGO,12118
HGR,12119
HGS,12120
HGU,12121
HGZ,12122
HHE,12123
HHH,12124
HHN,12125
HHP,12126
HHQ,16641
HHR,12127
KS3,12128
HIB,12129
HIE,12130
HIF,12131
LHU,12973
HIJ,12133
HNL,12173
HIN,12135
HIO,12136
HIR,12137
HIS,12138
HJR,12139
HKA,12140
HKB,12141
HKD,12142
HKG,12143
HKK,12144
HKN,12145
HKP,12146
HKS,12147
HKT,12148
HKY,12149
HLA,12150
HLD,12151
HLF,12152
HLG,12153
HLI,12154
HLM,12155
HLN,12156
HLO,12157
HLP,12158
HLT,12159
HLZ,12160
HMA,16483
HME,12162
HMN,12163
HMO,12164
HMS,12165
HMT,12166
HMY,16645
HNA,12167
HNC,12168
HND,12169
HNG,12170
HNH,12171
HNM,12174
HNS,12175
HOB,12177
HOD,12178
HOF,12179
HOG,12180
HOI,12181
HOK,12182
HOL,12183
HOM,12184
HON,12185
HOP,12187
HOQ,12188
HOR,12189
HOT,12190
HOU,12191
HOV,12192
HOW,12193
HPA,12194
HPB,12195
HPH,12196
HPN,12197
HPT,12198
HPV,12199
HQM,12200
HRB,12201
HRE,12203
HRG,12204
HRK,12205
HRL,12206
HRO,12207
HRT,12209
HSC,12210
HSG,16591
HSH,12211
HSI,12212
HSK,12213
HSL,12214
HSP,12215
HST,12216
HSV,12217
HTA,12218
HTF,12219
HTH,12220
HTI,12221
HTO,12222
HTS,12223
HTY,16579
HTZ,12224
HUA,12225
HUC,12226
HUE,12227
HUF,12228
HUG,12229
HUH,12230
HUI,12231
HUL,12232
HUM,12233
HUN,12234
HUS,12235
HUT,12236
HUU,12237
HUV,12238
HUX,12239
HUY,12240
HVA,12241
HVB,12242
HVC,12243
HVN,12244
HVR,12245
HVS,12246
HWD,12247
HWI,12248
HWN,15776
HYA,12250
HYD,16476
HYG,12252
HYL,12253
HYR,12254
HYS,12255
HZH,12257
HZK,12258
HZL,12259
IA1,12260
IA2,12261
IA3,12262
IA4,16547
IAB,12263
IAD,12264
IAG,12265
IAH,12266
IAM,12267
IAN,12268
IAR,12269
IAS,12270
IBA,12271
IBE,12272
IBR,16408
IBZ,12274
ICI,12275
ICK,12276
ICN,12277
ICT,12278
ICY,12279
ID1,16445
ID2,13440
IDA,12280
IDI,12281
IDO,12282
IDP,12283
IDR,12284
IE1,12285
IEG,12286
IEV,12287
IFJ,12288
IFL,12289
IFN,12290
IFO,12291
IFP,10590
IGA,12293
IGG,12294
IGH,12295
IGL,12296
IGM,12297
IGN,12298
IGO,12299
IGR,12300
IGS,16433
IGU,12302
IGX,12303
IHU,12304
II1,12305
LOT,12306
II3,12307
II4,12308
IJU,12309
IJX,12310
IKA,12311
IKB,12312
IKI,12313
IKK,12314
IKO,12315
IKT,12316
IKV,12317
IL1,12318
IL2,16744
ILE,12319
ILG,12320
ILI,12321
ILL,12322
ILM,12323
ILN,12324
ILO,12325
ILP,12326
ILQ,12327
ILR,12328
ILY,12329
ILZ,12330
IMF,12331
IML,12332
IMM,12333
IMP,12334
IMT,12335
IN1,12336
IN2,12337
IN3,16511
IN4,16539
IN5,16562
IN6,16663
IN7,16742
INC,12338
IND,12339
INF,12340
ING,12341
INH,12342
INL,12343
INN,12344
INO,12345
INS,12347
INT,12348
INU,12349
INV,12350
INW,12351
IOA,12352
IOM,12353
ION,12354
IOR,12355
IOS,12356
IOU,12357
IOW,12358
IPC,12359
IPE,12360
IPH,12361
IPI,12362
IPL,12363
IPN,12364
IPT,12365
IQ1,12366
IQ2,12367
IQQ,12368
IQT,12369
IRC,12370
IRD,12371
IRG,12372
IRI,12373
IRJ,12374
IRK,12375
IRO,12376
IRP,12377
IRS,12378
IRV,12379
ISA,12380
ISB,12381
ISC,12382
ISG,12383
ISH,12384
ISI,12385
ISJ,12386
ISL,12387
ISM,12388
ISN,12389
ISO,12390
ISP,12391
ISQ,12392
ISR,12393
ISS,12394
IST,12395
ISU,16447
ISW,12396
IT1,16420
ITB,16637
ITH,12397
ITI,12273
ITM,12400
ITN,12401
ITO,12402
ITQ,12403
IUD,15968
IUE,12404
IUS,12405
IVA,12406
IVC,12407
IVG,12408
IVL,12409
IVR,12410
IWA,12411
IWD,12412
IWJ,12413
XWQ,15950
IWO,12414
IWS,12415
IXA,12416
IXB,12417
IXC,12418
IXD,12419
IXE,12420
IXG,12421
IXH,12422
IXI,12423
IXJ,12424
IXK,12425
IXL,12426
IXM,12427
IXQ,12429
IXR,12430
IXS,12431
IXU,12432
IXW,12433
IXY,12434
IXZ,12435
IYK,12436
IZM,12437
IZO,12438
IZT,12439
JAA,16759
JAB,12440
JAC,12441
JAF,12442
JAG,12443
JAI,12444
JAJ,12445
JAK,12446
JAL,12447
JAN,12448
JAO,12449
JAV,12450
JAX,12451
JBC,12452
JBK,12453
JBP,12454
JBQ,16533
JBR,12455
JCA,12456
JCC,12457
JCE,12458
JCH,12459
JCI,12460
JCK,12461
JCT,16699
JDA,12462
JDB,12463
JDF,12464
JDG,12465
JDH,12466
JDM,12467
JDO,12468
JDT,12469
JDX,12470
JED,12472
JEE,12473
JEF,12474
JER,12476
JFB,12477
JFK,12478
JFN,12479
JFR,12481
JGA,12482
JGC,12483
JGG,12484
JGL,12485
JGP,12486
JGQ,12487
JHB,12489
JHC,12490
JHE,12491
JHM,12492
JHS,12493
JHW,12494
JHY,12495
JIB,12496
JID,12497
JIJ,16712
JIK,12498
JIL,12499
JIM,12500
JIN,12501
JJI,12502
JJN,16714
JKG,12503
JKH,12504
JKL,12505
JKR,12506
JKT,12507
JKV,12508
JLA,12509
JLN,12511
JLR,12512
JMA,12513
JMB,12514
JMC,12515
JMK,12516
JMM,12517
JMN,12518
JMS,12519
JNB,12520
JNJ,16705
JNN,12521
JNP,12522
JNU,12523
JO1,12524
JO2,12525
JO3,12526
JO4,16657
JO5,16779
JOC,12527
JOE,12528
JOG,12529
JOH,12530
JOI,12531
JOL,12533
JOM,12534
JON,12535
JOR,12536
JOS,12537
JP2,12539
JPA,12540
JPB,12541
JPR,12542
JPT,12543
USA,12544
JRA,12545
JRB,12546
JRC,12547
JRE,12548
JRF,12549
JRH,12550
JRO,12551
JRS,12552
JRV,12553
JSE,12554
JSI,12555
JSK,12556
JSO,12557
JSR,12558
JST,12559
JSY,12561
JTR,12563
JUB,12564
JUJ,12566
JUL,12567
JUM,12568
JUV,12570
JVL,12571
JWH,12573
JWN,16484
JWY,16555
JXN,12576
JYP,12577
JYV,12578
JZA,12579
JZB,12580
JZC,12581
JZD,12582
JZE,12583
JZG,12585
JZH,12586
JZI,12587
JZJ,12588
JZK,12589
JZL,12590
JZM,12591
JZN,12592
JZO,12593
JZP,12594
JZQ,12595
JZR,12596
JZT,12598
JZU,12599
JZV,12600
JZW,12601
JZX,12602
JZY,12603
JZZ,12604
K01,12605
KAA,12606
KAB,12607
KAC,12608
KAD,12609
KAE,12610
KAG,12611
KAI,12613
KAJ,12614
KAL,12615
KAN,12616
KAO,12617
KAR,12618
KAT,12619
KAW,12620
KBC,12621
KBE,12622
KBG,12623
KBK,12624
KBL,12625
KBO,12626
KBP,12627
KBR,12628
KBS,12629
KBV,12630
KBW,12631
KCA,12632
KCC,12633
KCE,12634
KCG,12635
KCH,12636
KCK,12637
KCL,12638
KCN,12639
KCQ,12641
KCR,12642
KCZ,12644
KDE,16432
KDH,12645
KDJ,12646
KDK,12647
KDT,12648
KEB,12649
KED,12650
KEF,12651
KEH,12652
KEJ,16595
KEK,12653
KEL,12654
KEM,12655
KEN,12656
KEO,12657
KEP,12658
KER,12659
OCA,12661
KFA,12662
KFP,12663
KGA,12664
KGC,12665
KGD,12666
KGF,12667
KGG,12668
KGI,12669
KGJ,12670
KGK,12671
KGL,12672
KGS,12674
KGU,12675
KGX,12676
KGZ,12677
KHE,12679
KHH,12680
KHI,12681
KHK,12682
KHM,12683
KHN,12684
KHV,12685
KIB,12686
KID,12687
KIE,12688
KIH,12689
KIJ,12690
KIK,12691
KIM,12692
KIN,12693
KIP,16659
KIR,12694
KIS,12695
KIT,12696
KIV,12697
KIW,12698
KIX,12699
KIY,12700
KJA,12701
KJK,12702
KK1,12703
KKA,12704
KKB,12705
KKC,12706
KKE,12707
KKH,12708
KKI,12709
KKJ,12710
KKK,12711
KKL,12712
KKN,12713
KKO,12714
KKU,12716
KKW,12717
KLB,12718
KLG,12719
KLL,12720
KLN,12721
KLO,12722
KLP,12723
KLR,12724
KLS,12725
KLU,12726
KLV,12727
KLW,12728
KLX,12729
KMA,12730
KMC,12731
KMF,12732
KMG,12733
KMI,12734
KMJ,12735
KMN,12736
KMO,12737
KMP,12738
KMQ,12739
KMS,12740
KMU,12741
KMX,12742
KMY,12743
KMZ,12744
KNA,16732
KNB,12745
KND,12746
KNK,12748
KNN,12749
KNP,12751
KNS,12752
KNT,12753
KNU,12754
KNW,12755
KNX,12756
KNZ,12757
KOA,12758
KOE,12760
KOH,12761
KOI,12762
KOJ,12763
KOK,12764
KOM,16586
KON,12765
KOP,12766
KOR,12767
KOS,12768
KOT,12769
KOW,12770
KOY,12771
KOZ,12772
KPB,12773
KPC,12774
KPH,12775
KPI,12776
KPK,12777
KPM,12778
KPN,12779
KPO,12780
KPP,12781
KPR,12782
KPS,12783
KPV,12784
KPY,12785
KQA,12786
KR1,16691
KRB,12787
KRF,12788
KRK,12789
KRM,12790
KRN,12791
KRP,12792
KRR,12793
KRS,12794
KRT,12795
KRW,16596
KS2,12796
KSA,12798
KSC,12799
KSD,12800
KSE,12801
KSF,12802
KSH,12803
KSI,12804
KSL,12806
KSM,12807
KSO,12809
KSP,12810
KSQ,12805
KSR,12812
KSU,12813
KTA,12814
KTB,12815
TLK,10023
KTL,12817
KTM,12818
KTN,12819
KTP,12820
KTR,12821
KTS,12822
KTT,12823
KTW,12824
KUA,12826
KUD,12827
KUF,12828
KUH,12829
KUI,12830
KUK,12831
KUL,12832
KUM,12833
KUN,12834
KUO,12835
KUV,12836
KUW,12837
KUY,12838
KVA,12840
KVC,12841
KVD,16554
KVG,12843
KVL,12844
KW1,16757
KWA,12845
KWE,12846
KWF,12847
KWI,12849
KWJ,12850
KWK,12851
KWL,12852
KWN,12853
KWP,12854
KWT,12855
KWZ,12856
KXA,12857
KXK,12858
KY1,12859
KY2,12860
KY3,12861
KY4,12862
KY5,12863
KY6,16784
KYA,12864
KYC,12865
KYK,12866
KYS,12867
KYU,12868
KZ1,16773
KZB,12869
KZH,12870
KZI,12871
KZN,12872
L41,16428
LA1,16537
LA2,16558
LA3,16762
LAA,12873
LAB,12874
LAC,12875
LAD,12876
LAE,12877
LAF,12878
LAI,12879
LAJ,12880
LAK,12881
LAL,12882
LAM,12883
LAN,12884
LAO,12885
LAP,12886
LAQ,12887
LAR,12888
LAS,12889
LAU,12890
LAW,12891
LAX,12892
LAY,12893
LAZ,12894
LBA,12895
LBB,12896
LBC,12897
LBE,12898
LBF,12899
LBG,12900
LBI,12901
LBL,12902
LBP,12903
LBQ,12904
LBS,12905
LBT,12906
LBU,12907
LBV,12908
LBX,12909
LBY,12910
LCA,12911
LCC,12912
LCE,12913
LCG,12914
LCH,12915
LCI,12916
LCJ,16733
LCK,12917
LCM,12918
LCS,12919
LCY,12920
LDB,12921
TFR,15182
LDH,12923
LDI,12924
LDJ,12925
LDK,12926
LDM,12927
LDU,12928
LDV,12929
LDY,12930
LEA,12931
LEB,12932
LED,12933
LEE,12934
LEG,12935
LEH,12936
LEI,12937
LEJ,12938
LEK,12939
LEN,16434
LEO,12941
LET,12942
LEV,12943
LEW,12944
LEX,12945
LFI,12947
LFK,12948
LFO,12949
LFR,12950
LFT,12951
LFW,12952
LGA,12953
LGB,12954
LGC,12955
LGD,12956
LGG,12957
LGH,12958
LGI,12959
LGK,12960
LGM,12961
LGP,12962
LGQ,12963
LGS,12964
LGU,12965
LGW,12966
LHA,12967
LHB,12968
LHE,12969
LHG,12970
LHQ,12971
LHR,12972
LHV,12974
LHW,12975
LHX,12976
LIA,12977
LIB,12978
LIC,12979
LIE,12980
LIG,12981
LIH,12982
LIJ,12983
LIK,12984
LIL,12985
LIM,12986
LIN,12987
LIO,12988
LIQ,12989
LIR,12990
LIS,12991
LIT,12992
LIV,12993
LIW,12994
LIY,12995
LIZ,12996
LJA,12997
LJG,12998
LJN,12999
LJU,13000
LJY,13001
LKE,13002
LKK,13003
LKL,13004
NEK,13005
LKN,13006
LKO,13007
LKP,13008
LKV,13009
LKZ,13010
LLA,13011
LLI,13012
LLW,13013
QAO,14347
LLY,13015
LMA,13016
LMI,13017
LMM,13018
LMN,13019
LMO,13020
LMP,13021
LMQ,13022
LMS,13023
LMT,13024
LND,13026
LNE,13027
LNI,13028
LNK,13029
LNL,13030
LNP,13031
LNR,16765
LNS,13032
LNT,13033
LNV,16522
LNY,13034
LNZ,13035
LOA,13036
LOH,13037
LOI,13038
LOL,13039
LOM,13040
LON,13041
LOQ,13042
LOS,13043
LOU,13044
LOV,13045
LOZ,13046
LPA,13047
LPB,13048
LPC,13049
LPI,13050
LPL,13051
LPO,13052
LPP,13053
LPQ,13054
LPR,15534
LPS,13055
LPT,13056
LPW,13057
LQK,13058
LRA,13059
LRC,13060
LRD,13061
LRE,13062
LRF,13063
WLR,13064
LRH,13065
LRI,13066
LRL,13067
LRM,13068
LRN,13069
LRO,13070
LRT,13071
LRU,13072
LSA,13073
LSC,13074
LSD,13075
LSE,13076
LSF,13077
LSI,13078
LSL,13079
LSN,13080
LSP,13081
LSQ,13082
LSR,13083
LSS,13084
LST,13085
LSU,13086
LSV,13087
LSX,13088
LTA,13089
LTB,13090
LTD,13091
LTI,13092
LTM,13093
LTN,13094
LTO,13095
LTQ,13096
LTS,13097
LTV,13098
LUA,13099
LUD,13100
LUE,13101
LUF,13102
LUG,13103
LUJ,13104
LUK,13105
LUL,13106
LUM,16411
LUN,13108
LUP,13109
LUQ,13110
LUR,13111
LUS,16636
LUT,13112
LUX,13113
LUZ,16799
LVB,13114
LVD,13115
LVI,13116
LVK,13117
LVM,13118
LVO,13119
LVS,13120
LWB,13121
LWC,13122
LWF,13123
LWL,13124
LWM,13125
LWO,13126
LWS,13127
LWT,13128
LWV,13129
LWY,13130
LXA,13131
LXN,13132
LXR,13133
LXS,13134
LXV,13135
LYB,13136
LYC,13137
LYE,13138
LYG,16493
LYH,13139
LYN,13140
LYP,13141
LYR,13142
LYS,13143
LYU,13144
LYX,13145
LZC,13146
LZH,13147
LZO,13149
LZR,13150
LZU,13151
MA1,13152
MA2,16479
MA3,16487
MA4,16526
MA5,16543
MAA,13153
MAB,13154
MAC,13155
MAD,13156
MAE,13157
MAF,13158
MAG,13159
MAH,13160
MAI,13161
MAJ,13162
MAK,13163
MAM,13164
MAN,13165
MAO,13166
MAP,13167
MAQ,16436
MAR,13169
MAS,13170
MAT,13171
MAU,13172
MAW,13173
MAX,13174
MAY,13175
MAZ,13176
MBA,13177
MBE,16590
MBH,13178
MBI,13179
MBJ,13180
MBK,13181
MBL,13182
MBO,13183
MBS,13184
MBT,13185
MBU,13186
MBX,13187
MBY,13188
MBZ,13189
MCA,13190
MCB,13191
MCC,13192
MCD,13193
MCE,13194
MCF,13195
MCG,13196
MCH,13197
MCI,13198
MCJ,13199
MCK,13200
MCL,13201
MCM,13202
MCN,13203
MCO,13204
MCP,13205
MCR,13206
MCS,13207
MCT,13208
MCU,13209
MCV,13210
MCW,13211
MCY,13212
MCZ,13213
MD1,16463
MD2,16710
MDA,13214
MDB,13215
MDC,13216
MDD,13217
MDE,13218
MDF,13219
MDG,13220
MDH,13221
MDI,13222
MDJ,13223
MDK,13224
MDL,16418
MDO,13226
MDQ,13227
MDR,13228
MDS,13229
MDT,13230
MDU,13231
MDW,13232
MDX,13233
MDY,13234
MDZ,13235
ME1,13236
ME2,16503
ME3,16540
ME4,16553
ME5,16627
ME6,16633
ME7,16736
MEA,13237
MEB,13238
MEC,13239
MED,13240
MEI,13241
MEJ,13242
MEL,13243
MEM,13244
MEN,13245
MEO,13246
MEP,13247
MEQ,13248
MER,13249
MES,13250
MEV,13251
MEX,13252
MEY,13253
MFA,13254
MFD,13255
MFE,13256
MFF,13257
MFG,13258
MFH,13259
MFI,13260
MFM,13261
MFN,13262
MFQ,13263
MFR,13264
MFS,13265
MFT,13266
MFU,13267
MFV,13268
MGA,13269
MGB,13270
MGC,13271
MGD,13272
NCQ,13632
MGF,13274
MGJ,13275
MGL,13276
MGM,13277
MGN,13278
MGQ,13279
MGR,13280
MGS,13281
MGW,13282
MGY,13283
MHA,13284
MHC,16629
MHD,13286
MHE,13287
MHG,13288
MHH,13289
MHK,13290
MHL,13291
MHM,13292
MHO,13293
MHQ,13294
MHR,13295
MHT,13296
MHV,13297
MHZ,13299
MI1,13300
MI2,13301
MI3,13302
MI4,16424
MI5,10841
MI6,16683
MIA,13303
MIB,13304
MIC,13305
MID,13306
MIE,13307
MII,13308
MIJ,13309
MIK,13310
MIL,13311
MIM,13312
MIN,13313
MIO,13314
MIP,13315
MIQ,13316
MIR,13317
MIS,13318
MIT,13319
MIU,13320
MIV,13321
MIW,13322
MIX,13323
MIZ,13324
MJA,13325
MJB,13326
MJC,13327
MJD,13328
MJF,13329
MJG,13330
MJI,13331
MJL,13332
MJM,13333
MJN,13334
MJQ,13335
MJT,13336
MJV,13337
MJX,13338
MJZ,13339
MKA,13340
MKC,13341
MKE,13342
MKG,13344
MKI,13345
MKJ,13346
MKK,13347
MKL,13348
MKM,13349
MKO,13350
MKP,13351
MKR,13352
MKS,13353
MKT,13354
MKU,13355
MKW,13356
MKY,13357
MKZ,13358
MLA,13359
MLB,13360
MLC,13361
MLD,13362
MLE,13363
MLF,13364
MLG,13365
MLI,13367
MLK,13368
MLL,13369
MLM,13370
MLN,13371
MLO,13372
MLP,13373
MLQ,13374
MLS,13375
MLT,13376
MLU,13377
MLV,13378
MLW,13379
MLX,13380
MLY,13381
MLZ,13382
MMA,13383
MMB,13384
MMC,13385
MMD,13386
MME,13387
MMH,13388
MMI,13389
MMJ,13390
MMK,13391
MML,13392
MMM,13393
MMN,13394
MMP,13395
MMQ,13396
MMT,13397
MMU,13398
MMX,13399
MMY,13400
MN1,13401
MN2,13402
MN3,13403
MN4,16469
MN5,16500
MN6,16589
MN7,16795
MNB,13404
MNC,13405
MNI,13406
MNK,13407
MNL,13408
MNM,13409
MNN,13410
MNO,13411
MNR,13413
MNS,13414
MNT,13415
MNU,13416
MNX,13417
MNZ,13418
MO1,13419
MO2,13420
MO3,16775
MOA,13421
MOB,13422
MOC,13423
MOD,13424
MOG,13425
MOL,13426
MOM,13427
MON,13428
MOP,13429
MOQ,13430
MOR,13431
MOS,13432
MOT,13433
MOU,13434
MOV,16718
MOW,13435
MOY,13437
MOZ,13438
MPB,13439
MPE,16501
MPI,16485
MPJ,13441
MPK,13442
MPL,13443
MPM,13444
MPN,13445
MPO,13446
MPR,13447
MPS,13448
MPT,13449
MPV,13450
MPX,13451
MQB,13452
MQI,16634
MQJ,13453
MQL,13454
MQM,16631
MQN,13455
MQP,13456
MQQ,13457
MQS,13458
MQT,13459
MQX,13460
MQY,13461
MRA,13462
MRB,13463
MRC,13464
MRD,13465
MRF,16679
MRH,13466
MRI,13467
MRK,13469
MRN,13470
MRO,16446
MRQ,16394
MRS,13472
MRU,13473
MRV,13474
MRX,13475
MRY,13476
MRZ,13477
MS1,13478
MS2,16414
MS3,16468
MS4,16743
MSA,13479
MSC,13480
MSE,13481
MSH,13482
MSJ,13483
MSL,13484
MSN,13485
MSO,13486
MSP,13487
MSQ,13488
MSS,13490
MST,13491
MSU,13492
MSV,13493
MSW,13494
MSY,13495
MSZ,13496
MT1,13497
MTC,13498
MTD,13499
MTE,13500
MTH,13501
MTJ,13502
MTL,13503
MTM,13504
MTN,13505
MTO,13506
MTP,13507
MTR,13508
MTS,13509
MTT,13510
MTV,13511
MTW,13512
MTX,13513
MTY,13514
MTZ,13515
MUA,13516
MUB,13517
MUC,13518
MUE,13520
MUG,13521
MUH,13522
MUL,13523
MUN,13524
MUO,13525
MUR,13526
MUT,13527
MUX,13528
MUZ,13530
MVB,13531
MVC,16527
MVD,13532
MVF,13533
MVJ,13534
MVL,13535
MVM,13536
MVN,13537
MVR,13539
MVW,13540
MVY,13541
MVZ,11788
MWA,13543
MWC,13544
MWD,13545
MWH,13546
MWL,13547
MWM,13548
MWO,13549
MWQ,13550
MWX,16462
MWZ,13551
MXB,13552
MXC,13553
MXE,13554
MXF,13555
MXG,13556
MXH,13557
MXJ,13558
MXL,13559
MXP,13560
MXS,13561
MXT,13562
MXX,13563
MXY,13564
MYA,13565
MYB,13566
MYC,13567
MYD,13568
MYE,13569
MYF,13570
MYG,13571
MYH,13572
MYJ,13573
MYK,13574
MYL,13575
MYP,13576
MYR,13577
MYT,13578
MYU,13579
MYV,13580
MYW,13581
MYY,13582
MZB,13584
MZG,13585
MZI,13586
MZJ,13587
MZK,13588
MZL,13589
MZM,13590
MZN,13591
MZO,13592
MZR,13593
MZT,13594
MZZ,13595
N1C,13697
N1E,16786
N1Y,16680
N2C,16719
N2Y,16715
N3C,16728
N3Y,16724
N47,13596
N4C,16750
N5C,16754
N6C,16769
N87,13597
NAA,13598
NAD,13599
NAG,13600
NAK,13601
NAN,13602
NAO,13603
NAP,13604
NAS,13605
NAT,13606
NAU,13607
NAV,16413
NAZ,13609
NB1,16587
NBA,13610
NBC,13611
NBG,13612
NBJ,13613
NBO,13616
NBU,13617
NBW,13618
NC1,13619
NC2,13620
NC3,13621
NC4,13622
NC5,13623
NC6,16502
NC7,16510
NC8,16552
NC9,16640
NCA,13624
NCE,13625
NCH,13626
NCI,13627
NCL,13628
NCN,13629
NCO,13630
NCP,13631
NCS,13633
NCT,13634
NCU,13635
NCY,13636
ND1,13637
NDB,13638
NDC,13639
NDJ,13641
NDL,13642
NDR,13643
NDZ,13644
NE1,13645
NE2,13646
NE3,16661
NEA,13647
NEG,13648
NEL,13650
NER,13651
NEU,13653
NEV,13654
NEW,13655
NFL,13656
NGA,13657
NGB,13658
NGC,13659
NGD,13660
NGE,13661
NGF,13662
NGM,13663
NGO,13694
NGP,13665
NGS,13666
NGU,13667
NGZ,13668
NH1,16548
NH2,16730
NH3,16731
NHA,13669
NHD,13670
NHK,13671
NHT,13672
NHV,13673
NHZ,13674
NIA,13675
NIB,13676
NIC,13677
NIE,13678
NIG,13679
NIM,13680
NIN,13681
NIP,13682
NIS,16544
NIT,13683
NIX,13684
NJ1,13685
NJ2,13686
NJ3,14899
NJ4,16568
NJ5,16585
NJ6,16625
NJ7,16727
NJ8,16792
NJA,13687
NJC,13688
NJF,16578
NJK,13689
NKA,13690
NKC,13691
NKG,13692
NKI,13693
NKM,13664
NKN,13695
NKS,13696
NKT,16676
NKV,13698
NKW,13699
NKX,13700
NLA,13701
NLC,13702
NLD,13703
NLG,13704
NLK,13705
NLO,13706
NLP,13707
NLS,13708
NM1,16635
NMC,13709
NME,13710
NMG,13711
NNA,13712
NNG,13713
NNK,13714
NNL,13715
NNU,13716
NNY,13717
NOA,13718
NOC,13719
NOG,13720
NON,13721
NOP,13722
NOR,13723
NOS,13724
NOT,13725
NOU,13726
NOV,13727
NPA,13728
NPE,13729
NPL,13730
NPT,13731
NQA,13732
NQI,13733
NQN,13734
NQX,13736
NQY,13737
NRA,13738
NRB,13739
NRI,13740
NRK,13741
NRL,13742
NRR,13743
NRT,13744
NSA,13745
NSB,13746
NSE,13747
NSI,13749
NSL,13750
NSN,13751
NSO,13752
NST,13753
NSY,13754
NT1,13755
NT2,16513
NT3,16677
NTD,13756
NTE,13757
NTL,13758
NTN,13759
NTO,13760
NTQ,13761
NTR,13762
NTU,13763
NTY,13764
NU1,16707
NU2,16717
NU3,16726
NU4,16734
NU5,16794
NU6,16800
NUE,13765
NUG,13766
NUI,13767
NUL,13768
NUN,13769
NUP,13770
NUQ,13771
NUW,13772
NV1,13773
NV2,16566
NV3,16572
NV4,16711
NV5,16725
NVA,13774
NVD,13775
NVI,16464
NVK,13776
NVT,13777
NWI,13778
NXX,13780
NY1,13781
NY2,13782
NY3,16704
NY4,16425
NY5,16442
NY6,16499
NY7,16498
NY8,16512
NY9,16569
NYC,13784
YUM,16218
NYO,13786
NYT,16648
NYU,13787
NZJ,13789
NZW,13790
NZY,13791
O1H,16722
O2H,16729
O3H,16739
O4H,16740
O5H,16761
O6H,16780
O85,13792
OAG,13793
OAI,13794
OAJ,13795
OAK,13796
OAM,13797
OAN,13798
OAX,13799
OBC,13801
OBE,16541
OBF,13802
OBO,13803
OBS,13804
OBT,13805
OBU,13806
OCE,13808
OCF,13809
OCH,13810
OCI,13811
OCJ,13812
OCN,13813
OCW,13814
OD1,16626
OD2,16671
ODA,13815
ODB,13816
ODD,13817
ODE,13818
ODM,13819
ODS,13820
ODW,13821
OEC,13822
OEO,16563
OER,13823
OFF,13824
OFK,13825
OFU,13826
OGA,13827
OGB,13828
OGD,13829
OGG,13830
OGN,13831
OGS,13832
OH1,13833
OH2,13834
OH3,13835
OH4,13836
OH5,13837
OH6,13838
OH7,13839
OH8,16470
OH9,16532
OHA,13840
OHC,13841
OHD,13842
OHI,13843
OHR,13844
OIC,13845
OIM,13846
OIT,13847
OJC,13848
OKA,13850
OKC,13851
OKD,13852
OKJ,13853
OKK,13854
OKN,13855
OKO,13856
OKR,13857
OKY,13858
OLA,13859
OLB,13860
OLE,13861
OLF,13862
OLH,13863
OLI,13864
OLM,13865
OLO,13866
OLP,13867
OLS,13868
OLU,13869
OLV,13870
OMA,13871
OMB,13872
OMC,14558
OME,13873
OMH,13874
OMK,13876
OML,13877
OMO,13878
OMR,13879
OMS,13880
ON1,16546
ONA,13881
OND,13882
ONG,13883
ONH,13884
ONJ,13885
ONL,13886
ONM,13887
ONN,13888
ONO,13889
ONP,13890
ONT,13891
ONX,13892
OOB,13893
OOK,13894
OOL,13895
OOM,13896
OPF,13898
OPH,13899
OPN,16788
OPO,13900
OQA,13901
OQB,13902
OQC,13903
OQF,13905
OQG,13906
OQI,13908
OQK,13909
OQL,13910
OQM,13911
OQN,13912
OQO,13913
OQP,13914
OQQ,13915
OQR,13916
OQS,13917
OQU,13919
OQV,13920
OQW,13921
OQX,13922
OQY,13923
OQZ,13924
OR1,13925
OR2,13926
OR3,13927
OR4,16560
ORB,13928
ORC,13929
ORD,13930
ORF,13931
ORG,13932
ORH,13933
ORI,13934
ORK,13935
ORL,13936
ORN,13937
ORP,13939
ORT,13940
ORU,13941
ORV,13942
ORY,13943
ORZ,13944
OSA,13945
OSB,13946
OSC,13947
OSD,13948
OSH,13949
OSI,13950
OSK,13951
OSM,13953
OSN,13954
OSP,13955
OSR,13956
OST,13957
OSU,13958
OSX,13959
OSY,13960
OSZ,13961
OTD,13962
OTG,13963
OTH,13964
OTM,13965
OTP,13966
OTR,13967
OTS,13968
OTU,13969
OTZ,13970
OUA,13971
OUD,13972
OUE,13973
OUH,13974
OUL,13975
OUN,13976
OUR,13977
OVA,13978
OVB,13979
OVD,13980
OVE,13981
OWA,13982
OWB,13983
OWD,13984
OXB,13986
OXC,13987
OXF,16646
OXR,13988
OXV,13989
OYA,13990
OYE,13991
OYK,13992
OYO,13993
OYS,13994
OZA,13995
OZC,13996
OZH,13997
OZP,13998
OZR,13999
OZZ,16675
P1A,16777
P2A,16801
PA1,14000
PA2,14001
PA3,16504
PA4,16519
PA5,16525
PA6,16643
PA7,16672
PA8,16684
PA9,16689
PAA,14002
PAC,16364
PAD,14003
PAE,14004
PAG,14005
PAH,14006
PAK,14007
PAM,14009
PAN,14010
PAO,14011
PAP,14012
PAQ,14013
PAR,14014
PAS,14015
PAT,14016
PAV,14017
PAX,14018
PAY,14019
PAZ,14020
PBA,14021
PBC,14022
PBD,14023
PBF,14024
PBG,14025
PBH,14026
PBI,14027
PBK,14028
PBL,14029
PBM,14030
PBN,14031
PBO,14032
PBR,14033
PBX,14034
PBZ,14036
PCA,14037
PCC,14038
PCD,14039
PCE,14040
PCG,14041
PCK,14042
PCL,14043
PCT,14044
PDA,14045
PDB,14046
PDC,14047
PDG,14048
PDK,14050
PDL,14051
PDP,14052
PDS,14053
PDT,14054
PDU,14055
PDV,14056
PDX,14057
PDZ,14058
PE1,14059
PE2,14060
PEA,14061
PEC,14062
PEE,14063
PEG,14064
PEI,14065
PEK,14066
PEM,14067
PEN,14068
PEO,14069
PEQ,14070
PER,14071
PET,14072
PEU,14073
PEW,14074
PFA,14075
PFB,14076
POD,14199
PFN,14078
PFO,14079
PFR,14080
PGA,14081
PGC,16524
PGD,14082
PGF,14083
PGH,14084
PGI,14085
PGK,14086
PGL,14087
PGM,14088
PGO,14089
PGR,16449
PGS,14091
PGV,14092
PHA,14093
PHB,14094
PHC,14095
PHD,14096
PHE,14097
PHF,14098
PHI,14099
PHL,14100
PHN,14101
PHO,14102
PHR,14103
PHS,14104
PHT,14105
PHW,14106
PHX,14107
PIA,14108
PIB,14109
PIC,14110
PID,14111
PIE,14112
PIH,14113
PII,14114
PIK,14115
PIM,14116
PIN,14117
PIO,14118
PIP,14119
PIR,14120
PIS,14121
PIT,14122
PIU,14123
PIX,14124
PIZ,14125
PJB,14126
PJG,14127
PJM,14128
PJS,14129
PKA,14130
PKB,14131
PKC,14132
PKD,14133
PKE,14134
PKH,14135
PKK,14136
PKR,14138
PKU,14139
PKW,14140
PKZ,14141
PL1,16444
PLA,14142
PLB,14143
PLC,14144
PLH,14145
PLK,14147
PLL,14148
PLM,14149
PLN,14150
PLO,14151
PLQ,14152
PLS,14153
PLT,14154
PLU,14155
PLW,14156
PLY,14157
PLZ,14158
PMA,14159
PMB,14160
PMC,14161
PMD,14162
PMF,14163
PMG,14164
PMH,14165
PMI,14166
PML,14167
PMO,14168
PMP,14169
PMQ,14170
PMR,14171
PMS,14172
PMU,14173
PMV,14174
PMW,14175
PMY,14176
PMZ,14177
PNA,14178
PNB,14179
PNC,14180
PND,14181
PNE,14182
PNF,14183
PNG,14184
PNH,14185
PNI,14186
PNK,14187
PNL,14188
PNN,16491
PNO,14189
PNP,14190
PNQ,14191
PNR,14192
PNS,14193
PNX,14194
PNZ,14195
POA,14196
POB,14197
POC,14198
POE,14200
POF,14201
POG,14202
POH,14203
POI,14204
POL,14205
POM,14206
POP,14207
POQ,14208
POR,14209
POS,14210
POT,14211
POU,14212
POW,14213
POX,14214
POY,14215
POZ,14216
PPB,14217
PPC,14218
PPD,14219
PPE,14220
PPF,14221
PPG,14222
PPM,14223
PPN,14224
PPO,14225
PPP,14226
PPQ,16530
PPS,14227
PPT,14228
PPV,14229
PPZ,14230
PQI,14231
PQM,14232
PQQ,14233
PQS,14234
PRA,14235
PRB,14236
PRC,14237
PRD,14238
PRG,14239
PRI,14240
PRJ,14241
PRN,14243
PRT,14244
PRU,14245
PRV,14246
PRX,14247
PRY,14248
PRZ,14249
PSA,14250
PSB,14251
PSC,14252
PSD,14253
PSE,14254
PSF,14255
PSG,14256
PSI,14257
PSK,14258
PSM,14259
PSN,14260
PSO,14261
PSP,14262
PSR,14263
PSS,14264
PSX,14265
PSY,14266
PSZ,14267
PT1,16623
PTA,14268
PTC,14269
PTD,14270
PTF,14271
PTG,14272
PTH,14273
PTJ,14274
PTK,14275
PTL,14276
PTN,14277
PTP,14278
PTR,14279
PTS,14280
PTT,14281
PTU,14282
PTV,14283
PTW,14284
PTX,14285
PTY,14286
PTZ,14287
PUB,14288
PUC,14289
PUD,14290
PUF,14291
PUG,14292
PUJ,14293
PUK,14294
PUL,14295
PUO,14296
PUQ,14297
PUR,14298
PUS,14299
PUT,14300
PUU,14301
PUV,14302
PUW,14303
PUY,14304
PUZ,14305
PVC,14306
PVD,14307
PVF,14308
PVG,14309
PVH,14310
PVK,14311
PVR,14312
PVS,14313
PVU,14314
PVW,14315
PVY,14316
PVZ,14317
PWA,14318
PWE,14319
PWK,14320
PWM,14321
PWR,14322
PWT,14323
PXM,14324
PXO,14325
PXU,14326
PYA,14327
PYB,14328
PYH,14329
PYJ,14330
PYL,14331
PYM,14332
PYR,14333
PZA,14334
PZB,14335
PZE,14336
PZO,14337
PZU,14338
PZY,14339
QAF,14341
QAH,14343
QAJ,14344
QAK,14345
QAL,14346
QAS,14348
QAX,14352
QBC,14355
QBH,14358
QBI,14359
QBM,14360
QBN,14361
QBT,14365
QBX,14366
QBY,14367
QC1,14368
QCT,14375
QCW,14377
QCX,14378
QDC,14379
QEM,14383
QFD,14384
QFX,14386
QGS,14387
QHI,14388
QHO,14391
QIR,14392
QJB,14393
QKV,14395
QMA,14397
QMH,14399
QMN,14400
QNE,14403
QOR,14406
QPG,14408
QPO,14409
QPT,14410
QQB,14412
QQC,14413
QQD,14414
QQE,14415
QQG,14417
QQJ,14420
QQL,14422
QQM,14423
QQN,14424
QQQ,14427
WA8,15736
QQT,14430
QQU,14431
QQV,14432
QQX,14434
QQY,14435
QRD,14438
QRO,16477
QSO,14441
QSR,16768
QTB,16492
RAB,14446
RAC,14447
RAD,14448
RAE,14449
RAH,14450
RAI,14451
RAJ,14452
RAK,14453
RAL,14454
RAN,14455
RAO,14456
RAP,14457
RAR,14458
RAS,14459
RAT,14460
RAX,14461
RAZ,14462
RBA,14463
RBB,14464
RBD,14465
RBF,14466
RBG,14467
RBH,14468
RBL,14469
RBN,14470
RBO,14471
RBR,14472
RBW,16542
RBY,14474
RCA,14475
RCB,14476
RCE,14477
RCH,14478
RCM,14479
RCO,14480
RCQ,14481
RCT,14482
RCU,14483
RDA,14484
RDB,14485
RDC,14486
RDD,14487
RDG,14488
RDM,14489
RDR,14490
RDT,14491
RDU,14492
RDV,14493
RDZ,14494
REB,14495
REC,14496
RED,14497
REE,14498
REG,14499
REH,14500
REK,14501
REL,14502
REN,14504
REP,14505
RER,14506
RES,14507
RET,14508
REU,14509
REX,14510
REY,14511
RFD,14512
RFP,14513
RGA,14514
RGI,14515
RGL,14516
RGN,14517
RGT,14518
RHD,16798
RHE,14519
RHI,14520
RHO,14521
RIA,14522
RIB,14523
RIC,14524
RID,14525
RIE,14526
RIF,14527
RIG,14528
RIJ,14529
RIL,14530
RIO,14531
RIR,14532
RIV,14533
RIW,14534
RIX,14535
RIY,14536
RJK,14537
RJL,14538
RKD,14539
RKE,14540
RKH,10836
RKP,14541
RKR,14542
RKS,14543
RKT,14544
RKV,14545
RKW,14546
RLA,14547
RLD,14548
RLG,14549
RLT,14550
RLU,14551
RMA,14552
RME,14553
RMF,16564
RMG,14554
RMI,14555
RML,14556
RMN,14557
RMP,14559
RMQ,14560
RMS,14561
RMT,14562
RNB,14563
RNC,14564
RND,14565
RNE,14566
RNG,14567
RNH,16771
RNI,14568
RNM,16787
RNN,14569
RNO,14570
RNS,14571
RNT,14572
RNU,14573
RO1,16685
ROA,14574
ROB,14575
ROC,14576
ROG,14577
ROK,14578
ROL,14579
ROM,14580
ROO,14581
ROP,14582
ROR,14583
ROS,14584
ROT,14585
ROU,14586
ROV,14587
ROW,14588
ROX,14589
RPN,14590
RPR,14591
RPX,14592
RQA,14593
RQB,14594
RQC,14595
RQD,14596
RQE,14597
RQF,14598
RQG,14599
RQH,14600
RQI,14601
RQJ,14602
RQK,14603
RQL,14604
RQM,14605
RQN,14606
RQO,14607
RQP,14608
RQQ,14609
RQR,14610
RQS,14611
RQT,14612
RQU,14613
RQV,14614
RQW,14615
RQX,14616
RQY,14617
RQZ,14618
RRG,14620
RRK,14621
RRS,14622
WAX,14623
RSA,14624
RSC,14625
RSD,14626
RSH,14627
RSJ,14628
RSL,14629
RSN,14630
RSP,14631
RSS,14632
RST,14633
RSU,14634
RSW,14635
RTA,14636
RTB,14637
RTE,14638
RTM,14639
RTN,14640
RTO,14641
RTS,14642
RU1,14643
RU2,14644
RU3,16452
RU4,16516
RUH,14645
RUI,14646
RUN,14647
RUT,14648
RUV,14649
RVA,14651
RVN,14652
RVS,14653
RVY,14654
RWB,14655
RWI,14656
RWL,14657
RXB,14658
RXS,14659
RYE,14660
RYG,14661
RYK,14662
RZA,14663
RZE,14664
RZR,14665
RZS,14666
RZZ,14668
S24,16459
S27,14669
SA1,16494
SA2,16664
SAA,14670
SAB,14671
SAC,14672
SAD,14673
SAF,14674
SAG,14675
SAH,14676
SAL,14677
SAM,14678
SAN,14679
SAO,14680
SAP,14681
SAQ,14682
SAT,14683
SAU,14684
SAV,14685
SAW,14686
SAX,14687
SAY,14688
SBA,14689
SBC,14690
SBD,14691
SBH,14692
SBK,14693
SBL,14694
SBM,14695
SBN,14696
SBO,14697
SBP,14698
SBS,14699
SBT,14700
SBU,14701
SBV,14702
SBW,14703
SBY,14704
SBZ,14705
SC1,14706
SC2,14707
SC3,14708
SC4,16577
SC5,16583
SCC,14709
SCE,14711
SCF,14712
SCH,14713
SCI,14714
SCJ,14715
SCK,14716
SCL,14717
SCM,14718
SCN,14719
SCO,14720
SCQ,14721
SCU,14722
SCV,14723
SCX,14724
SCY,14725
SD1,14726
SD2,16453
SDA,14727
SDD,14728
SDE,14729
SDF,14730
SDG,16399
SDH,14732
SDJ,14733
SDK,14734
SDL,14735
SDM,14736
SDN,14737
SDP,14738
SDQ,14739
SDR,14740
SDT,14741
SDU,14742
SDV,14743
SDX,14744
SDY,14745
SE1,14746
SEA,14747
SEB,14748
SEE,14749
SEF,14750
SEG,14751
SEL,14752
SEM,14753
SEN,14754
SEQ,14755
SER,14756
SES,14757
SEY,14758
SEZ,14759
SFA,14760
SFB,14761
SFC,14762
SFD,14763
SFF,14764
SFG,14765
SFH,14766
SFJ,14767
SFL,14768
SFM,14769
SFN,14770
SFO,14771
SFP,14772
SFQ,14773
SFS,14774
SFT,14775
SFU,14776
SFW,14777
SFZ,14778
SGB,14779
SGC,14780
SGD,14781
SGE,14782
SGF,14783
SGG,14784
SGH,14785
SGJ,14786
SGM,14788
SGN,14789
SGO,14790
SGP,14791
SGR,14792
SGT,14793
SGU,14794
SGW,14795
SGX,14796
SGY,14797
SGZ,14798
SHA,14799
SHB,14800
SHC,14801
SHD,14802
SHE,14803
SHG,14804
SHH,14805
SHI,14806
SHJ,14807
SHL,14808
SHM,14809
SHN,14810
SHO,14811
SHR,14812
SHU,14813
SHV,14814
SHW,14815
SHX,14816
SIA,14817
SID,14818
SIG,14819
SIH,14820
SII,14821
SIK,14822
SIM,14823
SIN,14824
SIO,14825
SIP,14826
SIR,16597
SIS,14827
SIT,14828
SIU,14829
SIY,14830
SJC,14831
SJD,14832
SJF,14833
SJI,14834
SJJ,14835
SJK,14836
SJN,14837
SJO,14838
SJP,14839
SJQ,14840
SJS,14841
SJT,14842
SJU,14843
SJV,14844
SJW,14845
SJY,14846
SJZ,14847
SKA,14848
SKB,14849
SKC,14850
SKD,14851
SKE,14852
SKF,14853
SKG,14854
SKJ,14855
SKK,14856
SKL,14857
SKN,14858
SKO,14859
SKP,14860
SKS,14861
SKT,16471
SKU,14862
SKW,14863
SKX,14864
SKY,14865
SKZ,14866
SLA,14867
SLB,14868
SLC,14869
SLD,14870
SLE,14871
SLH,14872
SLI,14873
SLJ,14874
SLK,14875
SLL,14876
SLM,16575
SLN,14877
SLO,14878
SLP,14879
SLQ,14880
SLR,14881
SLS,14882
SLT,14883
SLU,14884
SLV,14885
SLW,14886
SLX,14887
SLZ,14888
SMA,14889
SMB,14890
SMC,14891
SME,14892
SMF,14893
SMI,14894
SMK,14895
SML,14896
SMN,14897
SMO,14898
SMQ,16488
SMR,14900
SMS,14901
SMT,14902
SMU,14903
SMV,14904
SMX,14905
SMY,14906
SMZ,14907
SNA,14908
SNB,14909
SNC,14910
SNE,14911
SNF,14912
SNG,14913
SNI,14914
SNK,14915
SNL,14916
SNM,14917
SNN,14918
SNP,14919
SNQ,14920
SNR,14921
SNS,14922
SNT,14923
SNU,14924
SNV,14925
SNW,14926
SNY,14927
SOB,16638
SOC,14928
SOF,14929
SOG,14930
SOI,14931
SOJ,14932
SOK,14933
SOL,14934
SOM,14935
SON,14936
SOP,14938
SOQ,14939
SOU,14941
SOV,14942
SOW,14943
SPA,14944
SPB,14945
SPC,14946
SPD,14947
SPE,14948
SPF,14949
SPG,14950
SPH,14951
SPI,14952
SPK,14953
SPM,14954
SPN,14955
SPP,14957
SPQ,14958
SPR,14959
SPS,14960
SPU,14961
SPW,14962
SPY,14963
SPZ,14964
ZXQ,14965
SQI,14966
SQL,14967
SQN,14968
SQO,14969
SQQ,14970
SQR,14971
SQV,14972
SRA,14973
SRB,14974
SRC,14975
SRE,14976
SRF,14977
SRG,14978
SRH,14979
SRI,14980
SRJ,14981
SRL,14982
SRN,14983
SRO,14984
SRP,14985
SRQ,14986
SRV,14987
SRW,14988
SRX,14989
SRZ,14990
SSA,14991
SSB,14992
SSC,14993
SSG,14994
SSH,14995
SSI,14996
SSJ,14997
SSL,14998
SSM,14999
SSN,15000
SSS,15001
SST,15002
SSW,15003
SSX,15004
SSY,15005
STA,15006
STB,15007
STC,15008
STD,15009
STE,15010
STF,15011
STG,15012
STI,15013
STJ,15014
STK,15015
STL,15016
STM,15017
STN,15018
STO,15019
STP,15020
STQ,15021
STR,15022
STS,15023
STT,15024
STW,15026
STX,15027
STY,15028
STZ,15029
SUA,15030
SUB,15031
SUC,15032
SUE,15033
SUF,15034
SUG,15035
SUI,15036
SUJ,15037
SUL,15039
SUM,15040
SUN,15041
SUO,15042
SUS,15043
SUT,15044
SUU,15045
SUV,15046
SUW,15047
SUX,15048
SVA,15049
SVB,15050
SVC,15051
SVD,15052
SVG,15053
SVH,15054
SVJ,15055
SVL,15056
SVN,15057
SVO,15058
SVP,15059
SVQ,15060
SVS,15061
SVU,15062
SVW,15063
SVX,15064
SVZ,15065
SWA,15066
SWB,15067
SWC,15068
SWD,15069
SWF,15070
SWI,16400
SWK,15072
SWL,15073
SWO,15074
SWQ,15075
SWS,15076
SWU,15077
SWW,15078
SXB,15079
SXE,15080
SXF,15081
SXG,15082
SXL,15083
SXM,15084
SXP,15085
SXQ,15086
SXR,15087
SXU,15088
SXY,15089
SYA,15090
SYB,15091
SYD,15092
SYI,15093
SYN,15094
SYO,15095
SYR,15096
SYT,15097
SYX,15098
SYY,15099
SYZ,15100
SZA,15101
SZB,15102
SZC,15103
SZD,15104
SZF,15105
SZG,15106
SZK,15107
SZL,15108
SZO,15109
SZP,15110
SZT,15111
SZW,15112
SZX,15113
SZZ,15114
T1N,16741
T1X,16658
T2N,16776
T2X,16694
T3X,16702
T4X,16706
T5X,16709
T6X,16745
T7X,16749
T8X,16755
T9X,16785
TAB,15115
TAC,15116
TAD,15117
TAE,15118
TAF,15119
TAG,15120
TAH,15121
TAI,15122
TAK,15123
TAL,15124
TAM,15125
TAO,15127
TAP,15128
TAR,15129
TAS,15130
TAT,15131
TAV,15132
TAX,15133
TAY,16716
TBB,15134
TBF,15135
TBG,16514
TBI,15136
TBL,15137
TBN,15138
TBO,15139
TBP,15140
TBR,15141
TBS,15142
TBT,15143
TBU,15144
TBZ,15145
TCA,15146
TCB,15147
TCC,15148
TCE,15149
TCF,15150
TCH,15151
TCI,15152
TCL,15153
TCM,15154
TCN,15155
TCO,15156
TCP,15157
TCQ,15158
TCS,15159
TCT,15160
TDA,15161
TDD,15162
TDF,15163
TDW,15164
TDZ,15165
TEA,15166
TEB,15167
TED,15168
TEH,15170
TEK,15171
TEP,15173
TER,15174
TET,15175
TEU,15176
TEX,15177
TEZ,15178
TFF,15179
TFI,15180
TFN,15181
TFS,15183
TGD,15184
TGE,15185
TGG,15186
TGH,15187
TGI,15188
TGM,15189
TGR,15190
TGT,15191
TGU,15192
TGZ,16417
TH1,16756
THA,15195
THE,15196
THF,15197
ZBL,16289
THN,15199
THP,15200
THR,15201
THU,15202
THV,15203
THZ,15204
TIA,15205
TIC,16401
TIE,15207
TIF,15208
TIH,15209
TIJ,15210
TIK,15211
TIM,15212
TIN,15213
TIP,15214
TIQ,15215
TIR,15216
TIS,15217
TIU,15218
TIV,15219
TIW,15220
TIX,15221
TIY,15222
TIZ,15223
TJA,15224
TJI,15225
TJM,15226
TK1,15227
TKA,15228
TKC,15229
TKD,15230
TKE,15231
TKF,15232
TKG,15233
TKH,15234
TKI,15235
TKJ,15236
TKK,15237
TKL,15238
TKM,15239
TKQ,15240
TKR,15241
TKS,15242
TKT,15243
TKU,15244
TLA,15245
TLC,15246
TLE,15247
TLF,15248
TLH,15249
TLJ,15250
TLL,15252
TLM,15253
TLN,15254
TLR,15255
TLS,15256
TLT,15257
TLV,15258
TMA,15259
TMB,15260
TMD,15261
TMI,15262
TML,15263
TMM,15264
TMP,15265
TMR,15266
TMS,15267
TMT,15268
TMU,16535
TMW,15269
TN1,15270
TN2,15271
TN3,15272
TN4,15273
TN5,16695
TN6,15275
TN7,15276
TN8,12574
TN9,16509
TNA,15277
TNC,15278
TNE,15279
TNG,15280
TNJ,15281
TNK,15282
TNN,15283
TNO,16667
TNP,15284
TNR,15285
TNT,15286
TNU,15287
TNX,15288
TOA,15289
TOB,15290
TOD,16402
TOE,15292
TOG,15293
TOI,16536
TOJ,15294
TOL,15295
TOM,15296
TOP,15297
TOQ,15298
TOR,15299
TOS,15300
TOU,15301
TOV,15302
TOY,15303
TPA,15304
TPB,15305
TPE,15306
TPF,15307
TPH,15308
TPI,15309
TPL,15310
TPP,15312
TPQ,15313
TPR,15314
TPS,15315
TRB,15316
TRC,15317
TRD,15318
TRE,15319
TRF,15320
TRG,15321
TRH,15322
TRI,15323
TRK,15324
TRL,16791
TRM,15325
TRN,15326
TRO,15327
TRR,15328
TRS,15329
TRU,15331
TRV,15332
TRW,15333
TRZ,15334
TSA,15335
TSB,15336
TSE,15337
TSF,15338
TSG,15339
TSH,15340
TSJ,15341
TSM,15342
TSN,15343
TSP,15344
TSR,15345
TSS,15346
TSV,15348
TTB,15349
TTC,15350
TTD,15351
TTG,15352
TTH,15353
TTJ,15354
TTL,15355
TTN,15356
TTS,15358
TTT,15359
TTU,15360
TUA,15361
TUB,15362
TUC,15363
TUD,15364
TUF,15365
TUG,15366
TUH,15367
TUI,15368
TUK,15369
TUL,15370
TUM,15371
TUN,15372
TUO,15373
TUP,15374
TUR,15375
TUS,15376
TUT,15377
TUU,15378
TVA,15379
TVC,15380
TVF,15381
TVI,15382
TVL,15383
TVU,15384
TWA,15385
TWB,15386
TWD,15387
TWE,15388
TWF,15389
TWH,15390
TWU,15392
TX1,15393
TX2,15394
TX3,15395
TX4,15396
TX5,15397
TX6,15398
TX7,15399
TX8,16412
TX9,16549
TXG,15400
TXK,15401
TXL,15402
TXN,15403
TXU,15404
TYB,15405
TYE,15406
TYL,15408
TYN,15409
TYO,15410
TYR,15411
TYS,15412
TYZ,15413
TZA,15414
TZF,15415
TZL,15416
TZN,15417
TZX,15418
U36,16431
UAB,15419
UAH,15420
UAK,15421
UAM,15422
UAQ,15423
UAS,15424
UAX,15425
UBA,15426
UBF,15427
UBJ,15428
UBP,15429
UBS,15430
UCA,15431
UCY,15433
UDD,15434
UDG,15435
UDI,15436
UDJ,16763
UDR,15437
UEL,15438
UEO,15439
UES,15440
UET,15441
UFA,15442
UGS,15448
UGB,15444
UGC,15445
UGI,15446
UGN,15447
UHE,15449
UHF,15450
UIB,15451
UIH,15452
UII,15453
UIN,15454
UIO,15455
UIP,15456
UK1,16642
UKB,15457
UKI,15458
ULA,15459
ULC,15460
ULI,15461
ULM,15462
ULN,15463
ULQ,15464
ULS,15465
ULY,15466
UMB,15467
UMD,15468
UME,15469
UMM,15470
UMR,15471
UMT,15472
UMU,15473
UND,15475
UNG,15476
UNI,15477
UNK,15478
UNS,15479
UNT,15480
UOS,16419
UOX,15481
UPG,15482
UPN,15483
UPP,15484
UQE,15485
URA,15486
URB,15487
URC,15488
URG,15489
URO,15490
URT,15491
URY,15492
USH,15493
USI,15494
USM,15495
USN,15496
UST,15497
UT1,15498
UTB,15499
UTH,15500
UTK,15501
UTM,15502
UTN,15503
UTO,15504
UTP,15505
UTT,15506
UTW,15507
UUD,16439
UUK,15508
UUS,15509
UUU,15510
UVA,15511
UVE,15512
UVF,15513
UVL,15514
UXA,15515
UXB,15516
UXC,15517
UXD,15518
UXE,15519
UXF,15520
UXG,15521
UXI,15523
UXJ,15524
UXK,15525
UXL,15526
UXM,15527
UXN,15528
UXO,15529
UXP,15530
UXQ,15531
UXR,15532
UXS,15533
UXU,15535
UXV,15536
UXW,15537
UXX,15538
UXY,15539
UXZ,15540
UY1,15541
UYL,15543
UZU,15544
VA1,15545
VA2,15546
VA3,15547
VA4,15548
VA5,16528
VA6,16697
VA7,16721
VA8,16774
VAA,15549
VAD,15550
VAF,15552
VAI,15553
VAK,15554
VAN,15555
VAO,15556
VAR,15557
VAS,15558
VAV,15559
VBG,15561
VBS,15562
VBY,15563
VCA,15564
VCB,15565
VCE,15566
VCP,15567
VCR,15568
VCT,15569
VCV,15570
VDA,15571
VDC,15572
VDE,15573
VDI,15574
VDM,15575
VDP,15576
VDR,15577
VDS,15578
VDZ,15579
VEE,15581
VEL,15582
VEO,15583
VER,15584
VEY,15585
VFA,15586
VGA,15587
VGC,16454
VGO,15588
VGT,15589
VHM,15590
VHN,16789
VHY,15591
VIC,15593
VID,15594
VIE,15595
VIG,15596
VIH,15597
VII,16529
VIJ,15598
VIK,15599
VIL,15600
VIS,15601
VIT,15602
VIX,15603
VKO,15604
VKS,15605
VLC,15606
VLD,15607
VLI,15608
VLL,15609
VLN,15610
VLR,15612
VLV,15613
VME,15614
VNC,15615
VNO,15616
VNS,15617
VNY,15618
VOG,15619
VOK,15620
VOL,15621
VPC,15622
VPE,15623
VPS,15624
VPZ,15625
VQQ,13788
VQS,15626
VRA,15627
VRB,15628
VRC,15629
VRK,15630
VRN,15631
VSA,15632
VSE,15633
VSF,15634
VST,15635
VT1,16588
VT2,16624
VTE,15636
VTN,15637
VTZ,15638
VUJ,15639
VUO,15640
VUP,15641
VVC,16466
VVI,15643
VVK,15644
VVO,15645
VWA,15646
VWB,15647
VWC,15648
VWD,15649
VWE,15650
VWF,15651
VWG,15652
VWH,15653
VWI,15654
VWJ,15655
VWK,15656
VWL,15657
VWM,15658
VWN,15659
VWO,15660
VWP,15661
VWQ,15662
VWR,15663
VWS,15664
VWT,15665
VWW,15668
VWX,15669
VWY,15670
VWZ,15671
VXE,15672
VXO,15673
VYD,15674
VYS,15675
VZA,15676
VZB,15677
VZC,15678
VZD,15679
VZE,15680
VZF,15681
VZG,15682
VZH,15683
VZI,15684
VZJ,15685
VZL,15687
VZM,15688
VZN,15689
VZO,15690
VZQ,15692
VZR,15693
VZS,15694
VZT,15695
VZU,15696
VZV,15697
VZW,15698
YDU,15699
VZY,15700
VZZ,15701
WA1,16651
WA2,15703
WA3,16654
WA4,15705
WA5,15706
WA6,15707
WA7,15708
WA9,16515
WAA,15709
WAB,15710
WAD,15711
WAG,15712
WAL,15713
WAR,15714
WAS,15715
WAT,15716
WAV,15717
WAW,15718
WBA,15720
WBB,15721
WBH,15722
WBM,15723
WBN,15724
WBQ,15725
WBR,15726
WBS,15727
WBY,15728
WCA,15729
WCL,15730
WCR,15731
WDB,15732
WDG,15734
WDH,15735
WDR,15737
WEH,15738
WEI,15739
WEL,15740
WFB,15741
WFD,15961
WFK,15751
WGA,15744
WGE,15745
WGG,15746
WGL,15747
WGO,15749
WGP,15750
WHD,15754
WHK,15755
WHO,15756
WHP,16678
WHR,15758
WHT,15759
WI1,15760
WI2,15761
WI3,16628
WI4,16778
WI5,16793
WIB,15762
WIC,15763
WIL,15766
WIN,15767
WJA,15768
WJF,15769
WJR,16686
WKA,15772
WKJ,15773
WKK,15774
WKL,15775
WKN,15777
WKR,15778
WKV,15779
WLB,15781
WLD,15782
WLG,15783
WLH,15784
WLK,15785
WLM,15786
WLS,15787
WLW,15789
WMB,15790
WMC,15791
WMH,15792
WMI,16781
WMK,15793
WMO,15794
WMR,15795
WNA,15798
WNC,16427
WNN,15799
WNP,15800
WNR,15801
WNS,15802
WNZ,15804
WOD,15805
WOW,15807
WPM,15810
WPO,14444
WPU,15812
WQA,15813
WQB,15814
WQC,15815
WQD,15816
WQE,15817
WQF,15818
WQG,15819
WQH,15820
WQI,15821
WQJ,15822
WQK,15823
WQL,15824
WQN,15826
WQO,15827
WQP,15828
WQQ,15829
WQR,15830
WQS,15831
WQT,15832
WQU,15833
WQW,15835
WQX,15836
WQY,15837
WQZ,15838
WRB,15839
WRE,15840
WRG,15841
WRI,15842
WRL,15843
WRO,15845
WSB,15846
WSG,15847
WSH,15848
WWA,15881
WSJ,15850
WSM,15852
WSN,15853
WSP,15854
WST,15855
WSX,15856
WSY,15857
WSZ,15858
WTC,15859
WTD,15860
WTK,15861
WTL,15862
WTN,15863
WTR,15864
WTS,15865
WTT,15866
WUG,15867
WUH,15868
WUJ,15869
WUQ,15870
WUU,15871
WUX,15872
WV1,15873
WV2,16496
WVA,15874
WVB,15875
WVI,15877
WVK,15878
WVL,15879
WWD,15882
WWK,15883
WWP,15885
WWR,15886
WWT,15887
WY1,15892
WYA,15893
WYB,15894
WYE,15895
WYN,15896
WYS,15897
WZY,15899
XAL,15900
XAP,15901
XBE,15902
XBR,15903
XCH,15904
XCL,15905
XCM,16457
XCR,15906
XES,15907
XIC,15908
XIY,15910
XLS,15913
XLW,15914
XMD,15915
XMH,15916
XMJ,16622
XMN,15917
XMR,15918
XNA,15919
XNG,15920
XNN,15921
XPL,15923
XQC,15924
XQP,15925
XRH,15926
XRS,15927
XRY,15928
XSC,15929
XSD,15930
XSM,15931
XSP,15932
XUZ,15933
XWA,15934
XWC,15936
XWE,15938
XWF,15939
XWH,15941
XWJ,15943
XWK,15944
XWL,15945
XWM,15946
XWN,15947
XWO,15948
XWS,15952
XWT,15953
XWU,15954
XWW,15956
XXD,15963
XXE,15964
XXG,15966
XXN,15971
XXO,15972
XXP,15973
XXR,15975
XXS,15976
XXT,15977
XXU,15978
XXV,15979
XXW,15980
XXX,15981
XXY,15982
XXZ,15983
XYA,15984
YAA,15986
YAC,15987
YAF,15988
YAG,15989
YAH,15990
YAK,15991
YAM,15992
YAO,15993
YAP,15994
YAT,15995
YAU,15996
YAV,15997
YAY,15998
YAZ,15999
YBA,16000
YBB,16001
YBC,16002
YBE,16003
YBG,16004
YBJ,16005
YBK,16006
YBL,16007
YBM,16008
YBQ,16545
YBR,16009
YBS,16010
YBT,16011
YBV,16012
YBW,16599
YBX,16013
YCB,16014
YCC,16015
YCD,16016
YCE,16518
YCF,16017
YCG,16018
YCH,16019
YCJ,16020
YCK,16021
YCL,16022
YCM,16023
YCN,16024
YCO,16025
YCR,16026
YCS,16027
YCY,16028
YDA,16029
YDB,16030
YDF,16031
YDL,16032
YDN,16033
YDP,16034
YDQ,16035
YDS,16036
YEA,16039
YEC,16040
YED,16041
YEG,16042
YEK,16043
YEL,16044
YEM,16045
YEO,16046
YER,16047
YEU,16048
YEV,16049
YFB,16050
YFC,16051
YFO,16052
YFR,16053
YFS,16054
YGA,16055
YGB,16056
YGE,16057
YGG,16058
YGH,16059
YGJ,16060
YGK,16061
YGL,16062
YGN,16063
YGP,16064
YGQ,16065
YGR,16066
YGT,16067
YGV,16068
YGW,16069
YGX,16070
YGZ,16072
YHA,16073
YHD,16074
YHF,16075
YHH,16076
YHI,16077
YHM,16078
YHN,16079
YHR,16080
YHS,16081
YHT,16082
YHU,16083
YHY,16084
YHZ,16085
YIB,16086
YIF,16087
YIG,16088
YIH,16089
YIO,16090
YIP,16091
YIV,16092
YIW,16093
YJO,16094
YJT,16095
YKA,16096
YKF,16097
YKG,16098
YKJ,16099
YKL,16100
YKM,16101
YKN,16102
YKS,16103
YKU,16104
YKX,16105
YKZ,16106
YLC,16107
YLD,16108
YLH,16109
YLL,16110
YLP,16111
YLQ,16112
YLR,16113
YLS,16478
YLT,16114
YLW,16115
YMA,16116
YMB,16117
YMD,16766
YME,16118
YMF,16606
YMH,16119
YML,16120
YMM,16121
YMO,16122
YMP,16123
YMQ,16124
YMS,16125
YMT,16126
YMU,16608
YMV,16127
YMX,16128
YNA,16129
YNB,16130
YND,16131
YNE,16132
YNG,16133
YNH,16134
YNJ,16135
YNK,16136
YNL,16137
YNM,16138
YNT,16139
YNY,16140
YOA,16506
YOC,16141
YOD,16142
YOG,16143
YOJ,16144
YOL,16145
YOO,16146
YOP,16147
YOW,16149
YOX,16150
YPA,16151
YPD,16523
YPE,16152
YPL,16153
YPN,16154
YPO,16155
YPQ,16156
YPR,16157
YPS,16158
YPT,16611
YPW,16159
YPX,16160
YPY,16161
YQA,16162
YQB,16163
YQD,16164
YQF,16165
YQG,16166
YQH,16167
YQI,16168
YQJ,16613
YQK,16169
YQL,16170
YQM,16171
YQQ,16172
YQR,16173
YQT,16174
YQU,16175
YQV,16176
YQW,16177
YQX,16178
YQY,16179
YQZ,16180
YR1,16614
YRB,16181
YRC,16182
YRD,16183
YRI,16038
YRJ,16184
YRL,16185
YRQ,16186
YRT,16187
YSB,16188
YSC,16189
YSF,16190
YSJ,16191
YSL,16192
YSM,16193
YSN,16194
YSP,16195
YSR,16196
YST,16197
YSU,16198
YSV,16199
YTA,16201
YTE,16202
YTF,16203
YTG,16204
YTH,16205
YTJ,16206
YTL,16207
YTM,16208
YTN,16209
YTO,16210
YTP,16211
YTQ,16212
YTR,16213
YTS,16214
YTZ,16215
YUB,16216
YUL,16217
YUT,16219
YUW,16690
YUX,16220
YUY,16221
YVA,16222
YVB,16223
YVC,16224
YVN,16225
YVO,16226
YVP,16227
YVQ,16228
YVR,16229
YVT,16230
YWB,16231
YWG,16232
YWH,16233
YWJ,16234
YWK,16235
YWL,16236
YWQ,16237
YWR,16238
YWS,16570
YWY,16239
YXC,16240
YXD,16241
YXE,16242
YXH,16243
YXJ,16244
YXK,16245
YXL,16246
YXP,16247
YXQ,16248
YXR,16249
YXS,16250
YXT,16251
YXU,16252
YXX,16253
YXY,16254
YXZ,16255
YYB,16256
YYC,16257
YYD,16258
YYE,16259
YYF,16260
YYG,16261
YYH,16262
YYJ,16263
YYL,16264
YYN,16265
YYQ,16266
YYR,16267
YYT,16268
YYU,16269
YYY,16270
YYZ,16271
YZE,16272
YZF,16273
YZH,16274
YZP,16275
YZR,16276
YZS,16277
YZT,16278
YZV,16279
YZX,16486
ZAA,16280
ZAD,16281
ZAG,16282
ZAH,16283
ZAL,16284
ZAM,16285
ZAZ,16286
ZBF,16288
ZBM,16290
ZBO,16291
ZBR,14373
ZBX,16292
ZCL,16293
ZCO,16294
ZEL,16295
ZFA,16296
ZFM,16297
ZFN,16298
ZGF,16299
ZGM,16300
ZGS,16301
ZHA,16302
ZIG,16303
ZIH,16304
ZKB,16305
ZKP,16576
ZLO,16306
ZLT,16307
ZMD,16308
ZMT,16309
ZNA,16310
ZNC,16311
ZND,16312
ZNE,16313
ZNQ,16314
ZNZ,16315
ZOF,16316
ZOS,16318
ZPB,16319
ZQN,16320
ZRH,16321
ZSA,16322
ZSL,16323
ZSS,16324
ZST,16325
ZSW,16326
ZTH,16327
ZTS,16328
ZUH,16329
ZUM,16330
ZVA,16331
ZVK,16332
ZWL,16333
ZXA,16334
ZXB,16335
ZXC,16336
ZXD,16337
ZXE,16338
ZXF,16339
ZXH,16340
ZXI,16341
ZXJ,16342
ZXK,16343
ZXL,16344
ZXM,16345
ZXN,16346
ZXO,16347
ZXP,16348
ZXT,16352
ZXU,16353
ZXV,16354
ZXW,16355
ZXX,16356
ZXY,16357
ZXZ,16358
ZYL,16359
ZZU,16360
ZZV,16361
ZZZ,99999
